tmmx (K),rmin (%),vs (m/s),vpd (kPa),pr (mm),pet (mm),erc (-),fm100 (%),fm1000 (%),th (Degrees clockwise from north),Drought (mm),Drought_30days,Drought_90days,month,cumsum,days_since_rain,santa_ana_flag,slope,aspect,label,fire_name,lat,lon,date,ndvi
291.7,6.2,5.4,1.5,0.0,4.8,88.0,5.3,6.6,23.0,-4.8,-70.00000023841858,-226.29999899864197,1,4,1,False,0.31220676621330135,228.61234582234883,1,EATON,34.20078476275709,-118.09260810469993,2025-01-08,0.5334996327086747
304.3,14.0,3.7,2.45,0.0,7.6,95.0,4.4,5.0,230.0,-7.6,-231.7999987602234,-687.0000009536743,8,2,105,False,0.04143232182817422,253.083982371101,1,KING,34.71241940915923,-118.79125750179475,2025-08-14,0.27401315846649144
301.9,16.6,3.2,2.18,0.0,6.8,90.0,5.1,5.7,239.0,-6.8,-214.7999997138977,-632.700001001358,8,4,89,False,0.1390007560882435,299.71639909875927,1,HAWK,34.54192741744999,-118.22187964984782,2025-08-14,0.27357095831440925
297.7,26.3,2.9,1.15,0.0,3.8,53.0,10.9,12.1,147.0,-3.8,-112.69999933242798,-474.8999991416931,10,2,24,False,0.04604449496216264,261.14339659950235,1,HAROLD,34.30633123147769,-118.61561274739101,2025-10-12,0.4254413457360666
299.6,12.9,3.3,1.99,0.0,7.1,76.0,6.2,8.5,262.0,-7.1,-196.5,-348.7000027894974,6,15,62,False,0.01988553821398747,305.3653606225714,1,POST,34.72640556701045,-118.83415805217032,2024-06-15,0.328103469520744
293.3,24.4,1.5,0.99,0.0,1.8,63.0,8.7,10.1,20.0,-1.8,-58.4000004529953,-259.2000000476837,12,2,13,False,0.17970348028950026,343.5457655077837,1,FRANKLIN,34.05158281637538,-118.69778079449596,2024-12-09,0.5038612084909627
304.4,14.9,4.5,2.21,0.0,8.3,72.0,7.7,8.8,222.0,-8.3,-219.80000352859497,-382.60000360012054,6,18,31,False,0.007731295694478146,6.691679612742388,1,DANNY,34.78681988568304,-118.35055798971399,2023-06-04,0.2864916737417815
310.3,23.3,3.4,2.62,0.0,8.1,62.0,8.6,10.7,138.0,-8.1,-210.60000133514404,-457.1000015735626,7,7,82,False,0.05892101760181678,105.57742666339094,1,VICTOR,34.351484653300254,-118.51106399437644,2023-07-25,0.43357892658267827
312.4,11.0,1.8,3.7,0.0,6.3,75.0,8.2,8.2,230.0,-6.3,-201.59999990463257,-620.899998664856,8,0,120,False,0.011221923454936819,316.96980417625144,1,ROUTE,34.54538795011939,-118.64398283028842,2022-08-31,0.19166180349879552
304.3,18.2,3.5,2.4,0.0,7.3,89.0,6.0,5.5,236.0,-7.3,-247.50000190734863,-676.2000007629395,8,1,111,False,0.10444868889775634,73.21753341361489,1,SAM,34.76591455519796,-118.74168349108531,2022-08-10,0.24499370902772294
309.0,18.6,3.3,2.72,0.0,7.5,75.0,7.5,8.2,169.0,-7.5,-215.99999904632568,-625.8999996185303,8,1,118,False,0.05482104195068708,167.66452222539607,1,QUAIL,34.485407454694624,-118.60295810005408,2022-08-17,0.23238554135976774
308.2,23.5,2.3,2.27,0.0,5.2,49.0,13.0,12.8,183.0,-5.2,-162.90000009536743,-568.0999994277954,9,1,15,False,0.0457822337602695,38.30559740724359,1,LOBO,34.154583275246566,-118.65762980238073,2022-09-24,0.3826054149058017
304.1,19.6,2.0,2.13,0.0,6.2,83.0,7.5,6.0,263.0,-6.2,-232.00000047683716,-619.9999990463257,8,1,107,False,0.045578026803356785,273.4485362053108,1,HUGHES,34.7640010614209,-118.79169420431448,2022-08-06,0.21669074717636833
307.1,14.3,5.5,3.15,0.0,10.1,91.0,4.6,6.0,211.0,-10.1,-245.2000012397766,-626.6000003814697,6,5,7,False,0.0253730512615418,83.81217778586372,1,BARREL,34.56135838135113,-118.1391498402622,2022-06-29,0.2036002132743537
297.3,8.2,2.6,1.68,0.0,3.9,89.0,5.2,6.4,231.0,-3.9,-128.10000014305115,-479.59999895095825,10,3,39,False,0.060343325133588734,251.4468229684419,1,PYRAMID,34.802942358621195,-118.8579792608233,2022-10-21,0.2670997985583096
305.4,27.7,2.4,1.96,0.0,6.1,72.0,8.0,8.2,226.0,-6.1,-192.79999923706055,-566.9999995231628,8,4,57,False,0.1302920678490764,215.02271919135896,1,RIDGE,34.16242693581086,-117.89559634571873,2022-08-18,0.34910298684366464
301.6,8.7,3.6,2.26,0.0,5.3,75.0,5.1,9.5,7.0,-5.3,-79.50000059604645,-34.00000321865082,2,13,24,False,0.042472902438317646,134.71828655147266,1,SYCAMORE,34.00304245997153,-118.04100538306679,2022-02-10,0.46267778545756144
304.8,15.4,4.1,2.35,0.0,7.2,59.0,10.3,11.2,51.0,-7.2,-110.49999916553497,-326.19999980926514,4,16,9,True,0.05992139889359455,301.84688974342953,1,CANYON,34.27785479936269,-118.61250985355548,2022-04-06,0.455052057580664
304.2,27.4,2.4,1.67,0.0,6.4,52.0,11.9,12.1,226.0,-6.4,-180.7999987602234,-465.5999984741211,7,4,18,False,0.05151264575700066,320.33141709733223,1,CUT OFF,33.97411259912022,-117.84953988705608,2022-07-10,0.3309984220400907
309.7,12.9,4.8,3.73,0.0,9.5,94.0,4.9,5.2,211.0,-9.5,-254.8000020980835,-751.5000014305115,8,3,56,False,0.04800385241985792,57.62127329652862,1,TIERRA,34.556597986522775,-118.14084800739927,2022-08-17,0.1975879797820249
297.0,52.2,4.6,0.78,0.0,4.0,48.0,15.9,10.1,225.0,-4.0,-165.59999990463257,-608.3000009059906,9,5,2,False,0.041273065980868835,249.81711058064556,1,MUNZ,34.66871959267466,-118.39814592505137,2022-09-13,0.3191814959619294
311.8,15.9,3.3,4.03,0.0,7.7,93.0,5.2,5.1,185.0,-7.7,-232.39999866485596,-733.9000015258789,9,1,77,False,0.06066355904709556,64.94440807262961,1,CHESEBORO,34.505275518970016,-118.034464131699,2022-09-07,0.17858336526118307
290.9,63.2,3.7,0.38,0.0,4.0,39.0,15.2,13.3,233.0,-4.0,-140.19999933242798,-324.500000834465,5,11,61,False,0.13696313907848276,260.6285117982255,1,PALISADES,34.09660093364645,-118.56934180745955,2021-05-15,0.43500001974801517
304.2,6.1,3.8,2.87,0.0,8.6,97.0,4.1,5.3,235.0,-8.6,-229.59999895095825,-583.8999984264374,7,4,111,False,0.04346285910338399,299.4740461652417,1,TUMBLEWEED,34.765746943644814,-118.82345821423964,2021-07-04,0.22462029623778015
301.2,8.8,4.2,2.02,0.0,7.3,69.0,9.4,9.2,352.0,-7.3,-157.7000002861023,-345.9999997615814,4,10,44,False,0.03132928925186005,239.61838891619334,1,NORTH,34.46947390026023,-118.57950659627625,2021-04-28,0.2505028077242032
302.0,13.9,3.5,2.24,0.0,7.4,87.0,5.5,6.3,235.0,-7.4,-191.40000009536743,-434.79999935626984,5,5,57,False,0.07563406825439672,72.34592512159715,1,PINE,34.431460144370824,-117.66703428657385,2021-05-12,0.20951653896283415
285.5,26.6,8.9,0.93,0.0,4.5,79.0,5.3,7.1,79.0,-4.5,-61.899999141693115,-242.4999977350235,1,3,21,False,0.08907676653847607,120.14852754240104,1,TOWSLEY,34.34820049618045,-118.58070462204671,2021-01-19,0.46459535590877665
308.0,9.5,4.0,3.36,0.0,9.2,98.0,3.7,5.1,228.0,-9.2,-256.70000076293945,-654.2000014781952,7,3,113,False,0.0743764651443067,57.98291340321927,1,LIMA,34.66584127084281,-118.32624526693489,2021-07-06,0.22816728672985778
306.3,16.4,3.4,2.4,0.0,7.5,81.0,6.2,7.3,169.0,-7.5,-224.60000085830688,-624.400003194809,8,0,120,False,0.03162151888295264,231.58016051245843,1,GOLDEN,34.38679754619041,-118.4798014445122,2021-08-07,0.28286467022116907
302.6,20.0,2.0,2.3,0.0,3.6,54.0,9.6,12.6,290.0,-3.6,-60.09999907016754,-296.2999984025955,11,3,17,False,0.14202490409407834,306.33233722816755,1,MIDDLE,33.3729908874329,-118.41354840119013,2021-11-11,0.343868373452341
291.6,20.3,4.7,1.05,0.0,3.6,78.0,5.8,7.7,79.0,-3.6,-32.60000002384186,-184.29999995231628,1,4,21,False,0.043993760159167894,328.5209291111491,1,KELLOGG,34.06488489890381,-117.82139718101875,2021-01-19,0.33819233700588386
302.4,9.5,3.9,2.57,0.0,8.3,86.0,5.2,6.9,223.0,-8.3,-222.80000185966492,-561.2000014781952,7,4,111,False,0.023755507357092705,245.5292711050384,1,DULCE,34.515020615479095,-118.32165759404246,2021-07-04,0.22803397113125198
302.8,37.7,2.4,1.5,0.0,6.0,46.0,11.9,13.5,187.0,-6.0,-158.00000047683716,-428.500000834465,7,1,42,False,0.17576124187106928,233.3381497712001,1,FLORES,34.06517603167449,-118.6269213019121,2021-07-19,0.4656913355190394
307.1,7.8,2.7,2.69,0.0,7.1,61.0,9.1,11.6,278.0,-7.1,-143.2999997138977,-311.3000009059906,4,10,45,False,0.03226533561747441,42.0762671276718,1,VIRGENES,34.148807646320535,-118.69565322901379,2021-04-29,0.3673742403001281
294.0,27.1,2.8,1.13,0.0,3.8,53.0,10.0,12.3,63.0,-3.8,-77.29999959468842,-154.6000016927719,2,7,30,False,0.0866425512708265,326.5582522443164,1,KNOLLS,34.040124336531605,-118.69581886306234,2021-02-28,0.45835052652954644
300.8,43.0,3.1,1.16,0.0,5.9,38.0,13.9,15.1,160.0,-5.9,-155.30000114440918,-402.900000333786,7,3,116,False,0.21386283903355366,296.7404873892033,1,TUNA,34.04957073472882,-118.59182732426947,2021-07-09,0.47612157195571947
309.9,4.2,3.1,3.87,0.0,8.3,99.0,4.1,4.9,239.0,-8.3,-275.8000030517578,-761.2000007629395,8,0,120,False,0.01810720604716292,75.97677536775252,1,SYCAMORE,34.78426582069027,-118.65987718773134,2021-08-02,0.23504217904671654
299.2,14.3,2.5,1.96,0.0,3.4,74.0,5.6,9.3,27.0,-3.4,-23.200000524520874,-163.90000069141388,1,3,19,False,0.18883347776136486,268.1849828063134,1,PACIFICO,34.058411375553774,-118.65173772094468,2021-01-17,0.5377730044035232
283.3,23.0,8.9,0.72,0.0,3.8,78.0,5.5,7.2,65.0,-3.8,-68.40000140666962,-247.90000128746033,1,3,21,False,0.02406180661939831,177.85428052950934,1,SPRINGS,34.484183165491295,-118.2804928543317,2021-01-19,0.30144005529225915
294.9,17.4,2.6,1.57,0.0,3.0,66.0,7.4,10.1,329.0,-3.0,-30.100000977516174,-196.0000010728836,1,3,10,False,0.06011614344902139,256.9289606308638,1,NEWTON,34.07658444816123,-118.81438502253305,2021-01-08,0.4507103751974723
295.0,68.6,4.7,0.44,0.7,4.3,41.0,12.6,9.1,164.0,-3.6000001,-200.39999890327454,-584.9000006914139,8,0,120,False,0.13198441465551292,328.7507699738398,1,ROCKY 3,34.27327696928667,-118.63020210358013,2021-08-18,0.3215449993088875
301.7,23.4,1.6,1.74,0.0,4.0,71.0,7.8,8.6,168.0,-4.0,-168.10000038146973,-538.6000014543533,9,2,15,False,0.11101342737968921,279.5979572127603,1,DALTON,34.16513083512578,-117.83734988177441,2021-09-24,0.4391985290342963
305.8,11.1,1.9,2.41,0.0,4.7,49.0,13.1,13.2,34.0,-4.7,-138.19999933242798,-486.199999332428,9,2,21,False,0.013410821933785375,166.40130045648252,1,TONNER,33.96527272558521,-117.83556490982501,2021-09-30,0.33572567530210884
306.5,12.6,3.3,2.49,0.0,7.6,83.0,5.7,7.4,174.0,-7.6,-218.99999809265137,-613.7999985218048,8,0,120,False,0.030133728966364102,279.3926442107217,1,VASQUEZ,34.476062805430594,-118.42396533880391,2021-08-06,0.2123759484171653
302.4,15.4,3.6,2.27,0.0,7.8,95.0,4.8,4.8,219.0,-7.8,-238.30000066757202,-564.3000020980835,7,6,67,False,0.055523558654302835,115.77367476689399,1,BOAT,34.82022272334128,-118.87868020119076,2021-07-01,0.2350922343324251
302.6,10.5,2.6,2.25,0.0,6.3,53.0,10.9,12.9,310.0,-6.3,-127.30000019073486,-184.7000014781952,4,12,34,False,0.046336844461258485,318.62055994973366,1,TURNBULL,33.98759399530402,-118.00286836835306,2021-04-18,0.4992487093397589
295.0,27.2,2.7,0.96,0.0,2.8,46.0,13.6,13.0,200.0,-2.8,-62.09999871253967,-221.3999969959259,2,7,4,False,0.05437669841687439,294.3244452225589,1,RYE,34.45596784105227,-118.57614510315616,2021-02-02,0.28570461726834673
308.7,14.8,2.2,2.75,0.0,7.5,71.0,7.5,9.4,198.0,-7.5,-202.19999933242798,-465.7999984025955,7,20,30,False,0.048283467210484106,185.35307359446,1,SOLEDAD,34.45470562212198,-118.3362796098634,2020-07-05,0.2701075947616885
306.5,12.0,3.1,2.76,0.0,7.7,91.0,5.4,5.6,235.0,-7.7,-244.89999961853027,-639.3999991416931,7,6,108,False,0.031111132546513896,63.85513103899,1,RIDGE,34.76904940309053,-118.71768590375966,2020-07-27,0.2888578091063459
303.7,10.7,4.7,2.6,0.0,8.0,86.0,6.6,6.4,216.0,-8.0,-227.10000085830688,-677.100001335144,8,1,102,False,0.1222320304754252,53.1005216652803,1,JOHNSON,34.66781223081457,-118.3588525870843,2020-08-28,0.3139165830733383
311.1,12.4,2.7,3.21,0.0,7.8,79.0,6.4,8.1,212.0,-7.8,-220.09999990463257,-586.299999833107,8,8,75,False,0.04547873900677812,283.91476755110875,1,CASTAIC,34.538531367910736,-118.60033033827779,2020-08-01,0.1742861937340953
308.8,17.2,2.3,2.65,0.0,7.0,71.0,7.4,9.2,195.0,-7.0,-212.7999987602234,-570.3999977111816,8,8,77,False,0.06934522405794628,153.7868234241579,1,ELSMERE,34.37045196754413,-118.49759968235274,2020-08-03,0.3464366056440942
298.0,25.2,5.3,1.09,3.9,4.1,56.0,8.8,7.3,201.0,-0.19999981,-106.79999923706055,-451.5999975204468,11,1,0,False,0.15983785583911878,316.77889200352547,1,SAN DIMAS,34.146601086855675,-117.78090688175926,2020-11-06,0.4743148564319287
308.8,31.7,2.8,2.06,0.0,6.4,49.0,11.1,13.0,131.0,-6.4,-179.9000005722046,-530.8000001907349,8,1,90,False,0.06292283526984441,306.0073457164642,1,ROCK POOL,34.10187802623221,-118.72131415897697,2020-08-16,0.382292782527991
302.2,7.8,6.1,2.28,0.0,9.4,65.0,8.8,10.7,18.0,-9.4,-172.99999809265137,-223.8999960422516,6,18,21,False,0.035949220810281006,196.74988196046846,1,EQUESTRIAN,34.474465140382605,-118.60445506610553,2020-06-08,0.3151677979821912
307.2,16.0,4.5,2.89,0.0,9.2,84.0,5.7,6.9,241.0,-9.2,-225.39999961853027,-482.39999771118164,6,15,72,False,0.03669919809535504,65.26942497005,1,WEST,34.7649107858629,-118.5620135410511,2020-06-21,0.29354957048914854
304.9,23.0,2.7,2.15,0.0,6.6,65.0,8.6,9.9,165.0,-6.6,-194.40000009536743,-552.1999995708466,8,1,85,False,0.16183645923926235,328.8214678707402,1,PEAK,34.276193242443036,-118.62748572548439,2020-08-11,0.3765710085692848
300.6,39.3,3.1,1.08,0.0,5.6,55.0,9.9,11.4,200.0,-5.6,-168.49999952316284,-288.6000008583069,6,16,25,False,0.05905115487670877,39.2818409270185,1,VISTA,34.12492649205803,-118.72842781594754,2020-06-12,0.44798450921153965
304.8,12.1,3.5,2.94,0.0,6.4,89.0,5.9,5.7,56.0,-6.4,-180.69999933242798,-630.5999994277954,9,0,120,True,0.06373420707406947,345.6782163881419,1,ACTON,34.48647120584714,-118.2333212287128,2020-09-28,0.26675527246153535
295.8,14.9,3.6,1.62,0.0,4.8,96.0,4.7,4.5,245.0,-4.8,-154.50000190734863,-604.2000041007996,10,0,120,False,0.07946962949742764,137.58335847841286,1,QUAIL,34.7622911915725,-118.76605829645924,2020-10-09,0.27279740926503676
308.1,21.9,4.7,3.03,0.0,8.5,88.0,6.1,5.6,209.0,-8.5,-248.40000009536743,-740.0999994277954,8,1,5,False,0.04645204026932113,26.491623242372096,1,RAYBURN,34.56915445118606,-118.13433483507968,2020-08-22,0.2249748010505322
306.7,11.8,3.3,2.96,0.0,8.3,83.0,5.9,7.3,232.0,-8.3,-218.80000066757202,-501.4999990463257,7,18,86,False,0.061441527621558474,140.91315224616773,1,3 POINTS,34.740424788367875,-118.59823625497492,2020-07-05,0.3970643800722704
304.9,24.2,2.2,1.89,0.0,5.2,50.0,11.4,12.9,201.0,-5.2,-167.0,-527.5,9,1,116,False,0.07664218825842231,33.94142974630866,1,PALM,34.01614259835538,-117.99882050358659,2020-09-11,0.3275705569925168
293.2,28.4,2.3,0.95,0.0,2.2,57.0,12.1,10.2,34.0,-2.2,-68.79999959468842,-274.8999980688095,12,2,36,False,0.05690183188673283,281.0027918419388,1,CANYON,33.94736088775253,-117.88291194073827,2020-12-13,0.30449220061210364
309.1,10.2,3.9,3.48,0.0,9.3,89.0,5.1,6.4,248.0,-9.3,-244.49999904632568,-572.4999980926514,7,15,84,False,0.01937712826560075,88.37853571349083,1,210TH,34.76034600410546,-118.4990406684103,2020-07-05,0.2669810010859907
295.2,69.7,2.9,0.35,0.0,3.4,38.0,14.5,13.6,154.0,-3.4,-156.19999933242798,-477.79999923706055,9,1,113,False,0.15758338084203366,290.8160622630099,1,TOPANGA,34.054697234716805,-118.58026855721836,2020-09-08,0.5628618535527198
308.4,10.9,3.7,2.73,0.0,8.5,71.0,6.1,10.0,150.0,-8.5,-182.50000023841858,-292.09999799728394,6,18,24,False,0.01912236015850408,228.92053234146204,1,HASLEY,34.46066289012718,-118.64506796891843,2020-06-11,0.2927659234976993
309.7,4.6,2.9,3.45,0.0,8.3,61.0,8.6,11.8,9.0,-8.3,-155.89999890327454,-213.79999911785126,6,19,4,False,0.06250448808189361,182.06501155653783,1,COLIMA,33.972293848515,-117.95409890870202,2020-06-09,0.5142942286808696
293.9,58.9,2.2,0.51,0.0,2.6,37.0,14.6,14.3,218.0,-2.6,-105.2999997138977,-363.4999997615814,10,0,120,False,0.08864806760758878,277.75244028262586,1,WAVE,34.031983275862906,-118.70693146678799,2020-10-10,0.3941668209739162
302.5,25.8,2.8,1.54,0.0,6.3,53.0,12.7,11.3,169.0,-6.3,-191.2999997138977,-409.4999998807907,6,19,43,False,0.0689729011399442,87.7329970391551,1,CALGROVE,34.35975588172439,-118.55679760825606,2020-06-30,0.42957411195577017
300.2,47.6,2.7,0.84,0.0,5.4,45.0,12.5,13.1,163.0,-5.4,-155.39999961853027,-191.40000021457672,6,17,17,False,0.0475437580555787,214.64334938720586,1,HILL,33.986917881201336,-118.01900754726792,2020-06-04,0.482365273280152
303.6,17.5,2.8,2.13,0.0,5.3,90.0,6.2,5.1,249.0,-5.3,-214.50000047683716,-757.000002861023,9,0,120,False,0.016890636055119056,99.34092802189177,1,NO NAME,34.76066020583202,-118.51257157678718,2020-09-26,0.25620434009951815
300.6,18.0,3.4,1.61,0.0,6.7,54.0,11.4,12.1,8.0,-6.7,-177.6000006198883,-154.40000343322754,5,20,3,False,0.062313494190446524,180.0,1,AIRPORT,34.504595626803564,-118.30922430888984,2020-05-21,0.3388609147280698
303.6,34.3,2.5,1.37,0.0,6.0,51.0,12.9,11.7,172.0,-6.0,-200.0,-555.8999984264374,7,8,65,False,0.030047833452138482,57.08760075216526,1,TOPANGA,34.13727774120898,-118.58285475690134,2020-07-22,0.4310995063678547
309.4,25.3,2.2,2.49,0.0,6.6,52.0,11.0,12.6,216.0,-6.6,-177.19999980926514,-524.2000005245209,8,1,88,False,0.09133721907096856,37.70053643998759,1,GROVE,34.003791213623714,-117.99371864235091,2020-08-14,0.3682960803285812
295.6,27.1,3.1,1.11,0.0,2.8,49.0,12.3,12.8,297.0,-2.8,-64.49999976158142,-224.9000005722046,12,2,43,False,0.13892028391349623,148.3124564329407,1,BANNING,33.43465373858303,-118.49027255224149,2020-12-20,0.38085738891792964
296.4,60.5,2.6,0.53,0.0,4.8,37.0,13.8,14.7,161.0,-4.8,-137.6000006198883,-401.10000109672546,7,8,56,False,0.1591427737539524,267.65066241793085,1,MESA,34.04572041918345,-118.65336801456252,2020-07-13,0.5210866705686651
301.4,3.4,8.2,2.63,0.0,9.1,89.0,4.8,6.9,129.0,-9.1,-143.60000038146973,-526.1000008583069,10,0,120,False,0.057178771654240804,238.30059974358488,1,TICK,34.45403514994791,-118.38854859048595,2019-10-24,0.2692377102914464
292.3,17.9,5.5,1.26,0.0,4.8,69.0,7.8,9.2,116.0,-4.8,-131.70000004768372,-466.39999997615814,10,0,120,False,0.05721645781276026,182.70745706637763,1,MUREAU,34.15091945118483,-118.67394799065478,2019-10-30,0.3713709827776901
303.4,13.3,2.2,2.42,0.0,3.6,77.0,7.7,7.8,209.0,-3.6,-116.30000019073486,-412.09999895095825,11,0,120,False,0.009259397101477796,2.788421346126746,1,TOPANGA 2,34.106669217528705,-118.58949282242261,2019-11-16,0.5416360549860758
308.2,21.6,1.5,2.47,0.0,6.1,58.0,9.2,11.7,184.0,-6.1,-185.89999771118164,-448.79999673366547,8,7,68,False,0.0653875213749083,125.62030136511213,1,LAKE 2,34.10806334413674,-118.75910283578972,2019-08-02,0.392669798803483
296.9,23.8,3.0,1.36,0.0,3.5,66.0,9.3,9.3,125.0,-3.5,-102.39999890327454,-403.7999975681305,11,1,27,False,0.03146516263075111,200.97104884227164,1,WOOLSEY,34.11696446537254,-118.80016343862583,2018-11-08,0.392349128073467
307.6,8.0,2.1,2.91,0.0,5.4,84.0,5.6,7.3,142.0,-5.4,-174.7000002861023,-601.0999999046326,9,0,120,False,0.013905926689309595,283.64382255372,1,CHARLIE,34.518521595986556,-118.55674874258618,2018-09-22,0.2934748079391724
304.3,15.4,3.3,2.27,0.0,7.5,70.0,6.8,9.6,169.0,-7.5,-163.89999985694885,-305.5999985933304,6,14,24,False,0.037588157626807846,227.98743380364368,1,STONE,34.549202283279755,-118.29129930315237,2018-06-04,0.327571441831072
307.6,8.1,4.5,3.32,0.0,8.4,95.0,4.9,5.3,226.0,-8.4,-230.0,-726.3000025749207,9,0,120,False,0.0320191397646955,59.11037602232782,1,FAIRMONT,34.706322680423995,-118.4036200447058,2018-09-09,0.21471701745379873
303.8,23.9,2.4,1.85,0.0,6.5,57.0,9.4,11.6,152.0,-6.5,-155.599999666214,-352.80000030994415,6,12,39,False,0.0329133926439846,155.7588536658321,1,SOUTH,34.359190911348875,-118.54904630715106,2018-06-09,0.4177737144549763
313.1,16.8,2.4,3.51,0.0,7.8,63.0,9.9,10.3,282.0,-7.8,-214.3999981880188,-538.5999984741211,7,0,120,False,0.07251311159007194,161.52980514182616,1,PICO,34.389356861123844,-118.61386834488468,2018-07-23,0.27895865187174235
302.4,13.3,2.5,1.98,0.0,6.3,60.0,11.6,10.4,209.0,-6.3,-153.39999961853027,-231.69999891519547,5,15,43,False,0.02905999044321946,143.91201303883312,1,HEFFNER,34.43196264194534,-118.22195465811687,2018-05-04,0.29805548094015405
303.5,7.3,2.2,2.34,0.0,6.2,67.0,7.9,10.4,177.0,-6.2,-159.29999995231628,-237.40000092983246,5,15,5,False,0.032469355929557214,327.2448071650247,1,COMMERCE,34.431033209301376,-118.62805883648348,2018-05-06,0.3023218858609796
307.1,27.0,3.2,2.18,0.0,6.9,72.0,9.1,7.7,134.0,-6.9,-225.4000005722046,-638.4000000953674,8,0,120,False,0.044449512314841566,237.25861089810576,1,DULCE,34.46855722758806,-118.32404419490717,2018-08-18,0.22101454071558332
285.2,30.1,4.7,0.7,0.0,4.4,60.0,8.2,10.6,281.0,-4.4,-72.49999976158142,-181.49999821186066,4,18,3,False,0.02707687271792524,266.5228867555008,1,BRIDGE,34.625156481845174,-118.3128977418072,2018-04-19,0.5033341165320747
297.5,4.6,1.6,1.76,0.0,2.7,88.0,6.0,6.3,231.0,-2.7,-116.10000014305115,-492.4000029563904,11,0,120,False,0.04500079537360413,214.09388761348768,1,COPCO,34.720095467512664,-118.79742107104032,2018-11-07,0.2487407895256528
286.3,46.9,3.9,0.5,0.0,1.9,51.0,10.2,11.7,298.0,-1.9,3.8999974727630615,-222.10000228881836,12,6,19,False,0.06995297748697787,181.10690850355476,1,OAK,34.47347245687179,-118.6928217151529,2018-12-25,0.41681464820994835
294.5,3.0,4.3,1.45,0.0,5.0,88.0,6.0,6.7,140.0,-5.0,-141.49999976158142,-594.1999986171722,10,0,120,False,0.022529197639579782,268.6052224952199,1,QUAIL,34.773447239935386,-118.76782002763387,2018-10-16,0.24396640601860067
301.3,17.0,2.5,2.02,0.0,3.9,64.0,9.0,10.1,187.0,-3.9,-99.80000042915344,-429.6999990940094,10,1,19,False,0.07278238639282102,288.75224234809207,1,SANTA MARIA,34.123772937868374,-118.59269282590496,2018-10-31,0.3773387255385952
305.2,25.8,2.4,1.79,0.0,6.5,52.0,11.5,12.2,113.0,-6.5,-170.19999980926514,-453.80000126361847,6,13,31,False,0.0501291880269646,36.37461820351416,1,SUN,34.323972339296674,-118.52289717284323,2018-06-21,0.3979111291055242
294.8,45.7,3.5,0.69,0.0,3.2,41.0,15.2,13.3,87.0,-3.2,-134.69999980926514,-512.2000002861023,10,0,120,False,0.046212829549844826,139.96001925431418,1,MUREAU,34.15132625004703,-118.67847296428951,2018-10-10,0.3432702288569005
307.4,25.6,1.8,2.02,0.0,5.2,44.0,14.1,13.9,194.0,-5.2,-157.69999933242798,-528.4999985694885,9,0,120,False,0.051548673132513365,99.09276331351312,1,VANTAGE,33.961278013365266,-117.90696589154696,2018-09-08,0.29066955113647575
297.2,42.5,2.3,0.84,0.0,5.0,42.0,14.6,13.2,203.0,-5.0,-131.99999952316284,-295.39999997615814,5,11,26,False,0.050380279865501865,73.07522273801959,1,VIEW,33.97847197239646,-117.97650416619294,2018-05-27,0.36958908150371195
299.9,5.3,3.8,2.12,0.0,5.1,75.0,6.8,9.1,228.0,-5.1,-109.09999990463257,-461.8999979496002,11,1,20,False,0.10769678584271675,128.54283779796307,1,WELDON,34.34633600079153,-118.5324822511492,2018-11-01,0.3955158857097726
289.7,36.7,2.8,0.7,0.0,2.6,63.0,10.9,8.7,114.0,-2.6,-89.09999966621399,-171.69999969005585,2,4,35,False,0.1797428855489508,269.30677634630206,1,RAMBLA,34.05061999162211,-118.64553698119241,2018-02-13,0.5495104305431573
287.5,2.9,8.6,1.2,0.0,5.5,82.0,6.5,7.8,43.0,-5.5,-88.89999961853027,-330.59999895095825,12,3,31,False,0.11160281976367903,274.4837709772585,1,CREEK,34.30334699188248,-118.35455397386083,2017-12-05,0.3041019903248099
290.1,2.3,12.2,1.37,0.0,7.1,78.0,6.7,8.5,44.0,-7.1,-102.20000004768372,-389.99999928474426,12,1,96,False,0.03456971259899641,150.32050313582369,1,RYE,34.42386883662574,-118.61916073343181,2017-12-05,0.2704476537504442
314.0,13.7,4.0,3.47,0.0,9.7,65.0,8.4,10.4,282.0,-9.7,-192.39999961853027,-502.7000000476837,6,8,42,False,0.04281740952737416,222.32203346162134,1,PLACERITA,34.385004760837425,-118.47406947200881,2017-06-25,0.34375468496938566
308.1,21.0,2.3,2.4,0.0,7.2,66.0,7.6,10.2,170.0,-7.2,-181.20000004768372,-452.8999993801117,6,10,42,False,0.09276375004406441,281.21934246278454,1,LAKE,34.553096752482766,-118.59269507739029,2017-06-17,0.33431525761794717
307.2,14.6,3.2,2.83,0.0,7.9,92.0,5.5,5.3,223.0,-7.9,-238.59999990463257,-622.6999983787537,7,4,73,False,0.10819022013169043,260.66277956019246,1,GORMAN,34.796971505989816,-118.82739330274133,2017-07-28,0.2634523006437851
305.4,23.3,3.9,2.04,0.0,7.3,71.0,8.5,8.4,172.0,-7.3,-211.80000066757202,-625.2000024318695,8,2,98,False,0.03408958927337866,242.29087215848892,1,ESCONDIDO,34.50146307289904,-118.2596515272769,2017-08-13,0.27530140005134174
306.9,23.9,2.4,2.13,0.0,6.7,62.0,9.5,10.2,204.0,-6.7,-204.19999933242798,-527.399998664856,7,4,69,False,0.06416345090026136,217.13900827121108,1,RODEO,34.12481971086463,-117.75602965808986,2017-07-23,0.35871340086087744
300.4,43.7,2.4,0.9,0.0,5.3,48.0,12.6,12.2,137.0,-5.3,-178.7000014781952,-470.6000008583069,6,3,54,False,0.05599915396851457,191.13101406680315,1,STOKES,34.105341067688116,-118.69347950825059,2017-06-29,0.41533731360970094
291.0,41.3,7.7,0.64,0.0,5.1,68.0,9.4,7.8,228.0,-5.1,-206.69999980926514,-503.9000005722046,6,10,36,False,0.13581705161978816,64.43740710124332,1,JOHNSON,34.67122599620843,-118.35526820681284,2017-06-11,0.2965660150465021
310.1,11.0,2.3,3.57,0.0,6.8,80.0,6.5,7.7,176.0,-6.8,-200.30000066757202,-639.8000030517578,8,2,112,False,0.050524430657233936,266.89902907974715,1,SIERRA,34.507894205248896,-118.22676772916321,2017-08-27,0.24012273606887552
306.6,24.5,2.9,2.16,0.0,7.2,68.0,8.9,9.0,171.0,-7.2,-224.7999997138977,-558.5999999046326,7,4,59,False,0.1127509848591724,71.9583571030017,1,TOWSLEY,34.35365283479951,-118.55417786131254,2017-07-13,0.3876499545849456
306.0,26.0,2.5,1.78,0.0,6.5,55.0,12.0,11.2,171.0,-6.5,-157.79999995231628,-440.2999999523163,6,17,28,False,0.03874628621745282,304.3688452832608,1,FIVE,34.53736264594087,-118.65088017452574,2017-06-03,0.3483054290510515
298.9,47.0,2.2,0.85,0.0,5.2,43.0,13.5,12.9,154.0,-5.2,-166.40000104904175,-440.30000042915344,6,3,54,False,0.14645002818119185,295.2729642320318,1,TOPANGA,34.054067979693826,-118.57925017867215,2017-06-29,0.5628990564487736
310.9,8.9,3.0,3.59,0.0,8.7,91.0,4.6,6.3,253.0,-8.7,-258.8999991416931,-601.1999995708466,6,4,55,False,0.019827405407963215,88.41505876842898,1,NEENACH,34.77646755173711,-118.59334424283087,2017-06-30,0.2520296713281189
302.2,12.3,2.1,1.99,0.0,6.5,77.0,7.8,7.8,235.0,-6.5,-207.99999952316284,-506.1000003814697,6,10,38,False,0.12040289088515863,59.36988871374016,1,SOUTH,34.67304539014107,-118.3655892691909,2017-06-13,0.2923800525349079
304.3,19.2,2.8,2.14,0.0,6.7,50.0,12.3,12.8,146.0,-6.7,-157.79999911785126,-361.90000009536743,5,23,13,False,0.0631302872929204,72.9645436420515,1,MULHOLLAND,34.09751152315578,-118.80649654599848,2017-05-19,0.5486253377577626
305.3,30.9,2.0,1.81,0.0,6.1,53.0,12.1,11.5,198.0,-6.1,-186.59999990463257,-501.79999923706055,7,4,77,False,0.07012275981527265,33.97737375988492,1,PALMS,34.018038333844046,-117.99531880363578,2017-07-31,0.30050892828936965
285.3,62.2,4.0,0.22,0.0,2.9,42.0,14.8,12.2,258.0,-2.9,-139.1000007390976,-259.4999994635582,5,24,8,False,0.13797443533984305,232.4979401794665,1,GAVINA,34.325145419813424,-118.40008246287992,2017-05-15,0.43086349792613055
299.0,19.1,4.1,1.82,0.0,7.0,65.0,7.6,10.7,178.0,-7.0,-143.69999885559082,-207.49999821186066,4,32,22,False,0.05556171534260889,356.74669002699363,1,ENCINAL,34.07854792943605,-118.87026635781326,2017-04-29,0.5407817842544876
303.4,21.2,2.6,1.81,0.0,6.4,59.0,10.1,11.0,162.0,-6.4,-160.00000071525574,-428.6000016927719,5,18,22,False,0.045193747201253624,141.83268472329794,1,BARN,34.50959503341886,-118.35391044236995,2017-05-29,0.298442467268311
306.9,26.0,2.4,2.08,0.0,6.9,66.0,9.0,9.3,167.0,-6.9,-220.40000104904175,-560.9999998807907,7,4,72,False,0.07198953179579266,312.4093249353433,1,OLD,34.33790525820499,-118.51118173665341,2017-07-18,0.3414207239050591
307.8,19.1,2.4,2.4,0.0,7.2,52.0,11.0,12.7,222.0,-7.2,-182.5,-462.4999985694885,7,4,58,False,0.026545436534668114,61.93200562103763,1,CANYON,33.954277003611566,-117.86307061237483,2017-07-04,0.3494170214446507
310.8,24.4,3.1,2.65,0.0,8.0,70.0,7.4,9.1,129.0,-8.0,-216.0,-544.7999999523163,7,5,55,False,0.04335464982529544,40.886572815496514,1,HASLEY,34.4532893302355,-118.64539570839459,2017-07-09,0.2611582034721811
304.3,36.4,2.4,1.5,0.0,4.8,51.0,12.0,11.5,146.0,-4.8,-199.80000019073486,-537.0999989509583,7,2,80,False,0.030566845370295415,175.7744543020826,1,PARKMOR,34.15750059253171,-118.69297960873395,2017-07-25,0.30950572601982373
309.7,15.1,3.6,3.16,0.0,8.5,87.0,6.3,6.0,221.0,-8.5,-246.49999809265137,-673.5999984741211,7,1,111,False,0.1351722344752137,46.869600165084,1,VISTA,34.536128363475015,-118.11935861943832,2017-07-29,0.22339517853942206
307.9,15.7,1.5,2.51,0.0,4.5,53.0,9.5,13.3,174.0,-4.5,-137.29999995231628,-492.59999918937683,9,1,25,False,0.10872048215792374,21.638213984267768,1,TETON,33.99792216352208,-117.99484743635429,2017-09-28,0.37535187291432187
294.1,35.3,1.5,0.89,0.0,2.0,46.0,14.4,12.3,238.0,-2.0,-97.49999928474426,-375.7999997138977,11,1,70,False,0.018736893737957165,131.81807558547462,1,HACIENDA,33.97484398535614,-117.96867952403609,2017-11-12,0.38438949416342433
301.9,15.3,1.8,1.74,0.0,3.3,82.0,6.0,7.1,155.0,-3.3,-117.0,-408.5,10,3,38,False,0.2170720646235276,225.3787801965241,1,COYOTE,34.1886477178047,-118.09586995570557,2017-10-29,0.4554203692368448
306.8,23.8,3.3,2.06,0.0,7.6,68.0,7.3,9.7,167.0,-7.6,-193.50000143051147,-496.5,6,7,46,False,0.09270105615788422,245.99704596792463,1,WAGON,34.48960712704997,-118.36566918500279,2017-06-22,0.2694072321516737
293.1,15.5,2.4,1.4,0.0,2.7,81.0,6.7,7.1,126.0,-2.7,-95.30000042915344,-301.79999923706055,12,2,46,False,0.17020318929482264,273.84630837033535,1,RAMBLA,34.0529158108835,-118.64962283217332,2017-12-18,0.5037962257345922
302.0,23.3,2.4,1.83,0.0,5.0,77.0,7.4,7.1,167.0,-5.0,-186.30000019073486,-654.4999985694885,9,1,6,False,0.12158721756471583,64.68349622301041,1,LEONA,34.60866643031308,-118.30429300191557,2017-09-09,0.35686169250518407
297.4,21.9,2.1,1.52,0.0,2.9,67.0,8.8,9.1,284.0,-2.9,-105.60000002384186,-399.499999165535,11,2,11,False,0.04576924846887147,218.31843894962063,1,SKYLINE,34.115643223773155,-118.62185394716339,2017-11-13,0.4376724739295308
304.3,3.4,2.1,2.53,0.0,4.7,70.0,7.4,10.0,148.0,-4.7,-138.39999961853027,-529.199999332428,10,3,25,False,0.052137154803063884,310.50975223612556,1,MARTINEZ,34.44875187501255,-118.67551808909782,2017-10-05,0.30298533088453095
307.7,14.7,2.4,2.81,0.0,7.5,72.0,7.5,9.0,234.0,-7.5,-199.90000176429749,-486.4000015258789,7,5,58,False,0.11758532425406609,299.1401392329965,1,BROWNS,34.30591092437656,-118.60654384750706,2017-07-04,0.38472165182537954
300.1,21.2,3.0,1.69,0.0,4.3,61.0,9.7,10.4,301.0,-4.3,-121.60000085830688,-423.79999899864197,10,1,48,False,0.1414545329756455,11.38694368075285,1,MEDLEY,34.07228078299522,-118.60523311062117,2017-10-21,0.5426345044137686
304.9,24.8,2.6,1.97,0.0,6.6,65.0,9.2,9.6,176.0,-6.6,-207.19999933242798,-525.3999984264374,7,6,64,False,0.056466770269215476,354.50682434953717,1,SAGE,34.365941050732786,-118.57331827323473,2016-07-09,0.301856452281748
311.2,14.6,2.8,2.87,0.0,7.9,52.0,11.1,13.7,152.0,-7.9,-153.0,-405.0999993085861,6,12,29,False,0.07057305444944988,84.69066463687933,1,OLD,34.132800365537584,-118.6291045400534,2016-06-04,0.4197467606579389
299.4,7.2,2.7,1.79,0.0,5.9,68.0,6.4,10.9,226.0,-5.9,-116.89999985694885,-243.20000064373016,4,14,10,False,0.08606400255864646,268.53931067325766,1,GORMAN,34.7857180197527,-118.82156934296242,2016-04-19,0.4123622328869929
295.7,13.8,4.0,1.6,0.0,5.1,90.0,4.8,6.0,228.0,-5.1,-156.30000042915344,-604.6000015735626,10,0,120,False,0.06740014426665336,181.91495994468514,1,JOHNSON,34.66453669723281,-118.37267466354292,2016-10-11,0.2794892776746573
304.6,5.3,4.7,2.84,0.0,6.8,61.0,11.1,10.8,35.0,-6.8,-136.10000038146973,-502.60000014305115,10,2,3,False,0.0699857973891072,262.3898512982939,1,KAGEL,34.28810363863217,-118.38744910207708,2016-10-19,0.2912535999210112
293.9,22.9,3.6,1.08,0.0,5.2,63.0,9.1,10.1,262.0,-5.2,-132.39999961853027,-273.99999928474426,4,15,4,False,0.05948220947976179,88.4152935652274,1,CEMENT,34.76423438568767,-118.7098893492517,2016-04-29,0.3519750562773983
296.1,22.9,3.1,1.74,0.0,3.9,56.0,13.4,10.2,216.0,-3.9,-131.70000052452087,-512.0000035762787,10,2,1,False,0.21035607351753394,306.7864654255052,1,SESNON,34.30667890746549,-118.55542451649639,2016-10-18,0.3072697268903415
295.5,20.2,6.5,1.51,0.0,6.4,49.0,11.9,13.3,211.0,-6.4,-125.29999828338623,-299.3999991416931,4,18,4,False,0.046447820130906245,267.3036464010947,1,NEWHALL ,34.451185444300194,-118.58483842660833,2016-04-15,0.2646478369893578
308.9,5.5,4.2,3.37,0.0,9.5,101.0,3.6,4.8,239.0,-9.5,-285.10000133514404,-680.2999999523163,7,7,73,False,0.019400400366349792,86.75893266820458,1,BARNES,34.779022962493514,-118.60614036316669,2016-07-19,0.20419797957853558
304.0,17.0,2.2,2.19,0.0,6.3,80.0,7.3,7.0,161.0,-6.3,-220.80000019073486,-589.9000010490417,8,4,91,False,0.02684420995804094,299.2414485057753,1,OAK,34.46977932736798,-118.6829391811087,2016-08-05,0.266011968563022
303.4,32.5,3.3,1.52,0.0,5.0,66.0,8.5,9.2,153.0,-5.0,-168.60000109672546,-598.6000010967255,9,0,120,False,0.071489222669021,134.60146974324212,1,CALGROVE,34.35419990457466,-118.54793043263052,2016-09-20,0.3180428407811854
302.4,25.2,2.1,1.51,0.0,5.8,53.0,11.0,12.1,211.0,-5.8,-174.09999990463257,-444.4999978542328,6,10,34,False,0.056571071923817925,185.9415156404229,1,WAYSIDE,34.454772434402926,-118.60260139483275,2016-06-09,0.21856085582828144
298.6,16.5,3.0,1.45,1.7,3.4,34.0,10.0,14.5,113.0,-1.7,20.999998331069946,-130.7000013589859,12,12,0,False,0.06213121999351404,15.560126474598443,1,LIBERTY,34.12259783121502,-118.72227506804903,2016-12-29,0.45882470625407307
299.5,30.2,3.0,1.11,0.0,5.7,48.0,12.8,12.7,191.0,-5.7,-143.4999988079071,-345.59999692440033,5,11,22,False,0.026160131704399747,195.99202026127816,1,DALE,34.51684092154996,-118.32463628985106,2016-05-28,0.231015801635265
302.9,11.6,3.6,2.14,0.0,6.6,95.0,5.1,4.9,223.0,-6.6,-213.39999961853027,-689.5999989509583,9,2,118,False,0.12819222622713222,273.67983727643616,1,GORMAN,34.79104959307562,-118.82647152319771,2016-09-02,0.22218534470841483
294.8,9.1,2.5,0.93,0.0,3.1,76.0,6.2,8.7,165.0,-3.1,-90.40000009536743,-404.6999988555908,11,4,20,False,0.026899442223280137,326.453836967837,1,RIDGE,34.534701456450314,-118.6436388178023,2016-11-19,0.20903186284259503
306.4,6.0,5.8,3.19,0.0,8.7,76.0,7.1,8.6,36.0,-8.7,-171.5999994277954,-597.1000003814697,9,0,120,False,0.016985736241872707,78.87704119841243,1,SOLEDAD ,34.43199462892132,-118.39331010294948,2016-09-25,0.22193757676282994
302.5,13.6,3.8,2.12,0.0,7.6,90.0,5.7,5.5,271.0,-7.6,-241.59999895095825,-600.4999985694885,7,7,67,False,0.07661492065964359,157.89641885668422,1,SYCAMORE,34.41627449236493,-117.83195982655775,2016-07-12,0.26259785746726955
296.9,26.8,3.9,1.24,0.0,5.6,59.0,9.0,11.0,300.0,-5.6,-126.30000007152557,-262.499999165535,4,17,12,False,0.06912261571910586,178.87979265164762,1,WESTLAKE ,34.12889897711747,-118.81528046353394,2016-04-23,0.46262128075510445
306.1,2.9,2.6,2.82,0.0,4.5,67.0,6.6,11.5,129.0,-4.5,-81.60000050067902,-373.2000015974045,11,4,17,False,0.053164267758045385,88.82839209625897,1,CROSSROADS,34.02862374527347,-118.00698384918368,2016-11-10,0.3160315444457608
302.8,34.5,2.6,1.29,0.0,6.0,49.0,11.3,13.1,148.0,-6.0,-172.99999976158142,-432.7000000476837,6,10,48,False,0.04201850640320807,355.6963639309969,1,TOPANGA,34.12698651650849,-118.60019568898468,2016-06-23,0.370429793032625
305.8,12.7,1.7,2.95,0.0,3.4,67.0,6.8,10.5,115.0,-3.4,-83.19999957084656,-366.79999923706055,11,4,10,False,0.09321826362974137,292.6383824468165,1,NEWELL,34.04838931531398,-118.73940862389726,2016-11-09,0.39091344783168736
308.9,9.2,3.9,3.68,0.0,8.4,96.0,4.9,4.9,227.0,-8.4,-244.40000247955322,-689.5000033378601,8,3,100,False,0.15111354683857792,65.80382210993899,1,SPRINGS,34.7311707636807,-118.6265123946301,2016-08-15,0.40359604431629675
299.0,19.1,3.9,1.61,0.0,6.9,80.0,6.5,7.3,218.0,-6.9,-190.49999928474426,-513.3000023365021,6,8,22,False,0.01970237410590564,13.216280305777676,1,POPPY,34.71782691726879,-118.39072213229979,2015-06-05,0.2521047547587077
306.1,19.8,3.0,2.21,0.0,7.3,66.0,6.7,10.6,115.0,-7.3,-191.70000171661377,-468.7000026702881,6,7,41,False,0.036182960457434424,100.42577587274457,1,CALGROVE,34.35679964282439,-118.5354251573004,2015-06-24,0.4149778521502193
312.3,16.0,2.4,3.17,0.0,7.3,62.0,8.2,11.2,176.0,-7.3,-162.2000014781952,-511.60000252723694,8,7,25,False,0.02681912801165972,353.248058146605,1,LINCOLN,34.02994903266467,-118.07265735747349,2015-08-16,0.29839245212240856
300.0,26.1,4.6,1.46,0.0,6.9,68.0,9.1,8.7,224.0,-6.9,-176.99999928474426,-455.9999993443489,5,8,12,False,0.008767305735164778,-0.0,1,MUNZ,34.70896416848978,-118.32848866988803,2015-05-26,0.24414999999999992
302.9,15.1,3.6,2.07,0.0,6.5,88.0,6.5,5.7,229.0,-6.5,-236.00000095367432,-696.6999983787537,9,4,48,False,0.13532205380443585,56.323565867857354,1,JOHNSON,34.67181964428399,-118.35728878407758,2015-09-05,0.2540249244742818
302.4,40.5,3.0,1.09,0.0,5.8,47.0,14.1,12.2,204.0,-5.8,-156.19999980926514,-450.7000002861023,6,9,4,False,0.10115225245371214,358.97934948167403,1,CASTAIC,34.515660762408956,-118.63689556779764,2015-06-13,0.23617802267251253
304.2,28.2,2.3,1.62,0.0,6.4,52.0,13.8,11.1,213.0,-6.4,-210.50000047683716,-503.20000207424164,7,4,59,False,0.0631452772357363,97.44731778085621,1,REMSEN,34.35563891613213,-118.50715953062267,2015-07-12,0.3559385159150147
304.4,6.0,2.5,2.93,0.0,7.4,89.0,3.4,7.4,229.0,-7.4,-196.9000005722046,-475.60000133514404,6,8,14,False,0.019302384097856083,281.4397553129245,1,FREEWAY,34.550697802067184,-118.66734464994583,2015-06-23,0.2904168177419672
311.3,17.5,2.2,3.2,2.7,6.1,54.0,8.4,8.4,97.0,-3.3999999,-187.19999957084656,-578.4000008106232,9,6,0,False,0.03946639219118882,314.9569212905893,1,HOPPER,34.53111087374154,-118.64173052512464,2015-09-09,0.2060830091047341
299.6,6.8,4.4,2.07,0.0,7.6,86.0,4.6,7.4,229.0,-7.6,-165.2999987602234,-383.99999821186066,5,12,8,False,0.1527070067714578,64.50587532061614,1,ZEBRA,34.67513903380786,-118.36411163021246,2015-05-03,0.3486329482622433
311.2,15.5,3.0,3.22,0.0,7.9,77.0,5.7,8.4,143.0,-7.9,-205.29999947547913,-495.7999994754791,6,6,20,False,0.03651752369083374,232.13432110411367,1,RIDGE,34.519154538792186,-118.63505047758856,2015-06-29,0.22164292794660673
313.2,16.9,2.3,3.43,5.0,6.4,49.0,9.7,9.6,94.0,-1.4000001,-189.50000095367432,-582.100001335144,9,4,0,False,0.0410904575216648,193.95578353992877,1,WAYSIDE,34.452419742773074,-118.6021594916934,2015-09-09,0.2383660347551343
299.6,12.3,3.7,1.67,0.0,5.9,70.0,7.7,9.5,225.0,-5.9,-156.09999871253967,-271.69999754428864,4,15,31,False,0.05059506943918278,186.6462890144399,1,WAYSIDE,34.44976906830604,-118.60828802105479,2015-04-02,0.3438338782924613
305.1,18.7,2.3,2.03,0.0,6.6,49.0,12.1,13.3,151.0,-6.6,-134.79999947547913,-419.89999890327454,5,9,15,False,0.05860931749812405,202.59919094239385,1,WIND,34.496412829773746,-118.60613699934095,2015-05-29,0.2467632138061765
305.5,20.1,3.1,2.45,0.0,6.6,84.0,5.8,6.7,247.0,-6.6,-206.7000012397766,-568.4999997615814,8,5,30,False,0.06336248050380328,219.77834955623698,1,SPUNKY,34.58567701786309,-118.31562683038543,2015-08-29,0.4221907702942919
310.8,17.4,2.1,3.1,3.9,6.0,54.0,8.6,8.2,97.0,-2.1,-185.39999866485596,-578.8000011444092,9,6,0,False,0.11207684551973093,53.11150076600884,1,FOUR BAY,34.556885578654146,-118.63346360284397,2015-09-09,0.18900543576985349
293.6,54.9,3.1,0.48,0.0,4.4,40.0,14.2,13.7,99.0,-4.4,-118.7000002861023,-419.5999994277954,6,9,21,False,0.16449914838575774,339.1464251828073,1,118 FWY,34.2758918007544,-118.62553268193989,2015-06-04,0.36115603182751527
304.1,17.9,3.1,2.46,0.0,5.8,56.0,8.5,12.8,215.0,-5.8,-49.90000128746033,-136.60000199079514,3,18,11,False,0.1768861885562222,276.70692361078073,1,TUNA,34.04806541202521,-118.59802731026488,2015-03-13,0.6107267110689999
295.5,9.5,3.9,1.46,0.0,5.2,64.0,6.5,11.6,353.0,-5.2,-8.300000429153442,-158.00000035762787,3,9,14,False,0.14674576312954304,64.07827789704977,1,PINE ,34.7578442681394,-118.71964505584965,2014-03-15,0.2890939198262244
297.6,30.7,3.2,1.06,0.0,5.5,67.0,8.6,9.1,213.0,-5.5,-179.9999988079071,-421.59999918937683,5,9,11,False,0.049790120389963666,246.02818658323903,1,LAKE,34.523265979009345,-118.6253793039503,2013-05-17,0.17721613290549623
306.6,12.1,2.2,2.47,0.0,5.3,73.0,8.9,8.2,143.0,-5.3,-156.60000038146973,-548.3000016212463,9,0,120,False,0.2334040624345462,282.93924557984207,1,MADRE,34.16629300058204,-117.91837018081512,2013-09-23,0.37286674170616135
300.2,30.1,3.5,1.24,0.0,5.8,61.0,10.5,9.8,323.0,-5.8,-172.59999990463257,-454.90000104904175,5,5,22,False,0.03858382883079178,42.61948982954145,1,MAGIC,34.41307043725899,-118.60431114293188,2013-05-28,0.263710328823936
301.3,13.6,7.1,1.93,0.0,8.8,86.0,5.3,6.7,301.0,-8.8,-194.80000066757202,-417.00000059604645,5,6,54,False,0.002886502087251924,18.186324975853445,1,MAY,34.785155688717616,-118.240912852927,2013-05-01,0.15778459715639823
300.8,23.4,3.1,1.57,0.0,5.1,78.0,7.2,7.2,221.0,-5.1,-176.49999976158142,-594.9999992847443,9,1,61,False,0.06307953246415246,210.94075288769733,1,CANYON,34.487534804864055,-118.6793056995714,2013-09-21,0.2440494292598151
304.4,20.2,2.7,1.94,0.0,6.8,71.0,7.7,8.8,5.0,-6.8,-204.40000009536743,-542.9000017642975,6,2,47,False,0.01644406156229127,80.45104381627064,1,COLTRANE,34.34728567827574,-118.53872629656867,2013-06-22,0.4594077517083384
291.2,6.9,7.6,1.25,0.0,5.2,79.0,5.0,8.7,143.0,-5.2,-97.3999992609024,-304.1999982595444,12,6,10,False,0.05326771459065626,210.48953730492408,1,LOWRIDGE,34.480521004800856,-118.53565366322255,2013-12-29,0.26327441598704615
308.2,13.8,2.1,2.87,0.0,5.6,70.0,7.8,9.5,266.0,-5.6,-169.19999933242798,-562.1999990940094,9,0,120,False,0.055436641259797775,244.4130004643889,1,CANYON,34.124034449491496,-117.75088660806198,2013-09-13,0.33894052917366
290.3,35.3,5.7,0.68,0.0,4.3,58.0,10.9,10.2,318.0,-4.3,-147.19999837875366,-303.5999991297722,4,13,31,False,0.04587806655205575,129.13547804671688,1,BOUQUET,34.46404039854612,-118.47167585025235,2013-04-08,0.2440922613640852
305.7,39.2,1.9,1.51,0.0,4.9,69.0,9.5,7.5,188.0,-4.9,-195.30000066757202,-580.0000014305115,8,3,110,False,0.21001012506608804,320.1093283833128,1,SHOOTING,34.16062058075746,-117.92153571771124,2013-08-27,0.3495518620172181
308.6,15.6,2.6,2.89,0.0,6.3,75.0,7.8,8.3,232.0,-6.3,-190.7000002861023,-614.0000019073486,9,0,120,False,0.07208240095511123,306.28004013301563,1,MARPLE,34.53964228056296,-118.65679053451841,2013-09-08,0.23022019787120598
300.4,1.0,7.4,2.28,0.0,8.5,78.0,7.8,8.2,120.0,-8.5,-168.49999904632568,-565.9999976158142,10,0,120,False,0.04480920246729852,310.1818835151174,1,CLARITA,34.335035222121995,-118.51011588788977,2013-10-05,0.3034813795963506
301.6,22.4,2.0,1.5,0.0,5.7,67.0,9.1,9.1,250.0,-5.7,-178.10000157356262,-462.20000195503235,5,6,21,False,0.03388822648532145,283.9910407546495,1,MADISON,34.443694617503766,-118.65843253088909,2013-05-27,0.23255798578199055
304.5,20.3,2.9,2.19,0.0,7.0,82.0,7.1,6.5,204.0,-7.0,-203.00000023841858,-574.9000000953674,7,5,82,False,0.10364405721766409,353.51175562406297,1,GABRIEL,34.2374053279368,-117.8585134219263,2013-07-30,0.4302698793515393
304.6,21.9,1.9,1.97,0.0,4.8,66.0,8.6,9.4,247.0,-4.8,-169.59999990463257,-527.300000667572,9,0,120,False,0.09594053850061521,347.25162845884614,1,VIRGENES,34.109453345023624,-118.72023854760509,2013-09-18,0.38202513377431113
308.4,22.9,3.2,2.29,0.0,7.0,60.0,9.8,10.7,31.0,-7.0,-198.0,-586.5,8,1,105,False,0.08004307475534572,95.07141242882514,1,CANYON,34.14564231319418,-118.60535268986303,2013-08-19,0.3785772545070392
305.8,24.1,2.3,1.98,0.0,6.4,54.0,11.0,11.8,233.0,-6.4,-169.40000104904175,-467.6000015735626,7,2,63,False,0.030394651079115414,105.56990596132006,1,CASTRO,34.085547138163534,-118.78237299324311,2013-07-08,0.5445415383096367
296.4,18.7,2.3,1.41,0.0,4.1,55.0,11.0,11.7,308.0,-4.1,-71.00000059604645,-103.99999678134918,3,25,3,False,0.06115070955665279,239.52487257929562,1,OLD TOPANGA,34.117581032142446,-118.63269515466588,2013-03-11,0.5923939480698985
303.3,23.5,4.1,1.89,0.0,7.6,83.0,6.8,6.2,211.0,-7.6,-228.09999990463257,-554.7000024318695,7,8,68,False,0.12553995481087424,3.7030756921928147,1,HILLSIDE,34.57389474941821,-118.21493719611728,2012-07-03,0.21902956767325663
302.9,16.2,2.6,1.94,0.0,6.7,72.0,8.2,8.7,194.0,-6.7,-195.9000015258789,-357.8000029325485,6,12,43,False,0.09413889187489519,350.9147685597847,1,FIVE MILE,34.53528937239613,-118.66006032415055,2012-06-08,0.37760714088234115
305.8,16.1,3.1,2.5,0.0,7.0,91.0,5.7,5.2,208.0,-7.0,-219.7000002861023,-640.8000011444092,8,1,114,False,0.07371045657546668,171.56624002791392,1,COPCO,34.748797063563124,-118.7626996280978,2012-08-18,0.280976612632535
301.7,6.4,4.0,2.18,0.0,7.6,65.0,6.4,11.5,167.0,-7.6,-113.0000011920929,-278.7999987602234,5,14,12,False,0.0587967024455171,253.26443713178577,1,TREE,34.43514569917506,-118.2274271805441,2012-05-08,0.3248799695910592
306.4,8.3,4.7,2.79,0.0,9.3,97.0,4.1,5.0,246.0,-9.3,-257.29999923706055,-631.7000002861023,6,9,65,False,0.07954609947157008,76.90473056974379,1,OASIS,34.43383733890048,-117.66438431239519,2012-06-30,0.19896828656622098
310.4,11.1,2.8,3.44,0.0,7.9,98.0,4.0,4.8,216.0,-7.9,-256.7999987602234,-744.9999985694885,7,2,109,False,0.06746496536124916,49.56619906613135,1,TOVEY,34.55584402856398,-118.15603856455513,2012-07-31,0.21731258295149314
303.3,23.5,4.1,1.89,0.0,7.6,83.0,6.8,6.2,211.0,-7.6,-228.09999990463257,-554.7000024318695,7,8,68,False,0.13213304351015112,40.37013035488178,1,HILLSIDE,34.581389880748524,-118.2247201522275,2012-07-03,0.23292524189408
302.2,9.7,5.3,2.25,0.0,8.8,93.0,4.9,5.5,237.0,-8.8,-253.80000114440918,-586.500002861023,6,9,60,False,0.05537555550978337,72.12571663678733,1,RIDGE,34.75631525846971,-118.55155140501199,2012-06-25,0.2478337934439178
303.5,11.8,5.1,2.24,0.0,8.7,94.0,4.8,5.3,237.0,-8.7,-243.49999809265137,-594.4000000953674,6,11,58,False,0.07983019911946597,72.4778452149554,1,TEJON,34.44913641270096,-117.70084565455286,2012-06-23,0.1782009774688493
294.7,4.3,4.4,1.49,0.0,4.3,77.0,5.6,9.0,140.0,-4.3,-69.49999952316284,-214.89999890327454,1,9,20,False,0.08208207853527169,121.72194412352492,1,ALISO,34.458973511357705,-118.17273223583767,2012-01-02,0.23907300280377528
310.1,10.5,2.5,3.05,0.0,7.5,81.0,5.7,7.8,26.0,-7.5,-217.99999904632568,-622.8999981880188,7,4,95,False,0.05779613565281859,197.22733076324326,1,MESA,34.4980566030818,-118.60466707012208,2012-07-30,0.24626818244644078
302.6,9.6,4.7,2.47,0.0,6.8,91.0,4.6,6.1,220.0,-6.8,-176.4000005722046,-623.9000015258789,10,2,28,False,0.03552991418500514,339.9824676515901,1,BOUQUET,34.60506986381415,-118.27016015359379,2012-10-03,0.29383064070153253
308.3,19.4,3.9,2.78,4.4,7.5,60.0,8.0,6.9,201.0,-3.1,-218.30000019073486,-703.6000022888184,8,1,0,False,0.13131063014158642,109.95939972532524,1,VINCENT,34.507284206129654,-118.0987240264434,2012-08-30,0.21209762215112382
303.8,9.5,2.1,2.38,0.0,6.6,80.0,5.5,8.3,231.0,-6.6,-181.6000018119812,-278.7000048160553,5,14,24,False,0.03268538354654326,157.30166145705329,1,HIGHWAY,34.75355328615054,-118.60245167182394,2012-05-20,0.3633721831681215
298.9,3.0,2.5,1.85,0.0,5.5,65.0,6.4,11.8,2.0,-5.5,-50.80000042915344,-231.0999995470047,4,14,7,False,0.06471240311242195,15.75184332167018,1,AGUA,34.462727642860656,-118.34106718937109,2012-04-08,0.29649161746411
297.6,11.7,6.2,1.51,0.0,5.8,57.0,12.1,11.1,357.0,-5.8,-126.70000088214874,-525.0000015497208,10,2,2,False,0.033011122655661015,128.94145252521074,1,GLADDING,34.412823311130786,-118.51800426673547,2012-10-25,0.23662069442249958
306.4,15.7,2.7,2.29,0.0,7.1,69.0,8.6,9.4,187.0,-7.1,-209.60000085830688,-569.4000012874603,7,6,84,False,0.1686345338270199,257.8625253453049,1,OLIVEVIEW,34.33295002976837,-118.43659902780962,2012-07-24,0.335114976599064
298.6,12.7,3.4,1.61,0.0,4.3,73.0,8.1,8.4,172.0,-4.3,-78.90000069141388,-214.40000021457672,2,8,17,False,0.015761402486303176,316.69324784914033,1,MARTINEZ,34.43654312132348,-118.70326643243857,2012-02-09,0.3873293632145326
302.3,16.7,4.9,2.1,0.0,5.9,65.0,8.9,9.8,342.0,-5.9,-122.0000011920929,-440.7000024318695,10,2,3,False,0.0712374740593288,101.44962852349083,1,MULHOLLAND,34.08529250877715,-118.91209624147923,2012-10-26,0.5207144115323853
292.6,32.7,3.8,1.03,0.0,3.4,48.0,11.5,13.1,327.0,-3.4,-39.9000004529953,-129.09999918937683,1,12,3,False,0.06652083219707688,214.19701470416496,1,CASTLE ROCK,33.37618256549355,-118.39593132514861,2012-01-26,0.49330965735163446
308.0,11.3,2.7,2.9,0.0,7.8,78.0,6.4,8.3,237.0,-7.8,-199.40000009536743,-375.0999993085861,6,11,36,False,0.09129234714255899,226.49552105417197,1,ESCONDIDO,34.48678984943178,-118.2864318347576,2012-06-01,0.270630927041169
298.7,5.6,2.5,1.77,0.0,4.4,55.0,10.7,12.8,151.0,-4.4,-68.299999833107,-173.2999986410141,3,14,4,False,0.02635941504619734,228.7558099870877,1,VANTAGE POINTE,33.95615322582097,-117.89724824921988,2012-03-03,0.44761245728732546
311.3,15.4,3.1,3.46,0.6,7.5,63.0,5.9,6.9,218.0,-6.9,-181.0999984741211,-615.4999980926514,8,5,27,False,0.06768359543936697,82.58192985390215,1,OASIS,34.43551080845124,-117.66974742579336,2011-08-27,0.2522291553133515
308.8,10.5,2.6,3.09,0.0,6.6,87.0,5.0,6.7,302.0,-6.6,-210.59999990463257,-622.9999995231628,9,3,110,False,0.058316966784533776,261.37627845190053,1,WAGON,34.490926229728174,-118.34957531017834,2011-09-05,0.2771345484705464
296.6,27.1,8.4,1.22,0.0,7.2,63.0,8.1,10.3,246.0,-7.2,-174.0999994277954,-323.0999994277954,5,18,10,False,0.02279111098235779,62.79715671804484,1,RANGE,34.76925673186123,-118.55947785172161,2011-05-28,0.26966180489731445
309.9,7.0,2.4,3.53,0.0,6.0,92.0,5.0,6.0,4.0,-6.0,-206.60000133514404,-738.3000020980835,9,2,9,False,0.004478882554483569,11.603872168723024,1,LIGHTNING,34.7784502979796,-118.34192799110042,2011-09-23,0.23702993423001717
294.3,51.9,2.6,0.85,0.0,5.2,40.0,12.4,14.8,318.0,-5.2,-120.9999988079071,-161.90000081062317,5,13,36,False,0.13768902843276146,146.2096272088979,1,BANNING,33.433100082360355,-118.49688262280519,2011-05-02,0.4579371184094627
314.7,12.5,2.8,4.19,0.0,7.7,93.0,5.2,5.4,218.0,-7.7,-245.3000020980835,-743.5000038146973,8,1,28,False,0.0064008048883695415,99.8575444570875,1,EAST,34.70132476671926,-117.97365221933671,2011-08-27,0.22979569166370492
312.2,10.5,3.2,3.72,0.0,9.0,81.0,5.7,8.0,246.0,-9.0,-229.10000085830688,-575.5000011920929,6,6,89,False,0.008000585960029541,127.97953983846462,1,RIVERBED,34.570811543559934,-117.87072330990533,2011-06-22,0.1874210154228954
309.2,7.0,2.1,3.49,0.4,5.6,90.0,4.9,6.3,40.0,-5.2,-190.19999885559082,-691.5999970436096,9,3,9,False,0.05358128262559115,346.38526098099214,1,PARK,34.740396799096644,-118.37362024332595,2011-09-23,0.25306909679712475
312.1,10.1,2.7,3.93,0.0,8.5,84.0,5.6,7.2,232.0,-8.5,-239.5,-565.899999499321,7,9,85,False,0.00961787154580213,62.85565178586236,1,CHARLIE,34.79079407826121,-118.45100115446718,2011-07-02,0.24235302632358457
301.6,8.8,1.7,2.06,0.0,5.7,69.0,5.8,10.7,328.0,-5.7,-150.80000042915344,-228.3000020980835,5,14,25,False,0.0035545321526781032,337.6553534547836,1,INDIA,34.70634809012305,-118.27534218433469,2011-05-03,0.33873882427282226
305.7,27.7,3.2,1.89,0.0,7.4,54.0,9.3,12.4,202.0,-7.4,-172.99999952316284,-438.9999978542328,6,13,36,False,0.07429387595751479,255.95239500911708,1,HUGHES,34.48187997058012,-118.24679073310668,2011-06-23,0.2829958828640259
310.2,11.8,3.9,3.43,0.0,8.0,94.0,4.9,5.1,247.0,-8.0,-247.90000200271606,-752.5000009536743,9,4,102,False,0.013125727274105187,33.30461399520293,1,NEENACH,34.79082073566985,-118.55161810800264,2011-09-08,0.22609227624614886
308.6,4.0,3.5,3.43,0.0,7.8,99.0,4.0,5.1,219.0,-7.8,-243.89999914169312,-713.8999991416931,9,0,120,False,0.058971388985078706,72.70894070821379,1,LANCASTER,34.67691614981118,-118.33928286266108,2011-09-02,0.2789132411886661
307.4,27.9,3.3,1.91,0.0,7.4,55.0,12.0,11.2,208.0,-7.4,-206.80000114440918,-496.40000009536743,7,10,52,False,0.006321736079856653,58.76534587970158,1,EMMA,34.46497064959169,-118.33010163847868,2011-07-09,0.2540047788309637
296.8,24.2,6.4,1.29,0.0,7.0,65.0,9.0,9.6,244.0,-7.0,-188.10000038146973,-384.299999833107,5,12,45,False,0.004878762320770305,132.38509793907505,1,EAST,34.73622579327913,-118.00302353482418,2011-05-23,0.2689866677197694
310.8,7.0,3.3,3.59,0.0,8.0,94.0,4.9,5.5,222.0,-8.0,-248.60000085830688,-738.7999997138977,8,1,23,False,0.006326430266641139,121.30468555518088,1,PERKINS,34.69395948584442,-118.03591467216015,2011-08-22,0.23003691599857828
309.1,18.1,4.0,2.74,0.0,8.4,86.0,5.9,6.2,215.0,-8.4,-254.80000066757202,-695.0000009536743,7,2,21,False,0.051147377601166284,129.1942193883461,1,NORTH,34.6915643701496,-117.7982754733997,2011-07-27,0.16543781867730412
308.0,10.7,3.5,2.96,0.0,8.1,87.0,5.3,6.7,220.0,-8.1,-229.89999961853027,-632.2000019550323,8,0,120,False,0.07068926795743376,72.90898590206525,1,PEAR,34.51957407562497,-118.1009110908493,2011-08-08,0.23808987144295912
312.1,11.5,3.9,3.8,0.0,8.8,93.0,4.9,5.5,235.0,-8.8,-256.40000343322754,-743.0000014305115,8,2,50,False,0.006045056911264107,355.72661528259385,1,LANCASTER,34.718953500729306,-118.27590411802821,2011-08-24,0.2504225421084848
309.8,12.5,2.4,3.37,0.0,6.8,86.0,5.6,6.8,220.0,-6.8,-208.40000009536743,-597.0000002384186,8,3,100,False,0.09930507917985089,224.31062957717816,1,SIERRA,34.504369905016006,-118.21924364664946,2011-08-26,0.24405003554783147
306.0,32.2,2.1,1.74,0.0,6.1,48.0,12.2,13.0,221.0,-6.1,-164.4000015258789,-459.3000009059906,7,9,50,False,0.0819669800090039,220.84127967730234,1,ENCINAL,34.09450482548726,-118.83895629015278,2011-07-07,0.6119860843980175
309.4,20.5,2.3,2.58,0.0,6.5,54.0,10.4,12.4,243.0,-6.5,-176.2000002861023,-513.6000008583069,8,3,98,False,0.017413678286961082,178.5177290862078,1,LAS VIRGENES,34.10197683405359,-118.71348426918324,2011-08-24,0.4658840284360188
307.3,19.1,3.3,2.5,0.0,7.4,56.0,9.6,12.2,284.0,-7.4,-165.69999885559082,-443.99999833106995,8,4,57,False,0.06696049085721431,288.4641113139163,1,FOOSE,34.06715782047875,-118.89069829585146,2011-08-02,0.5113096979991701
305.2,30.7,2.4,1.63,0.0,6.3,47.0,12.5,13.3,198.0,-6.3,-176.80000066757202,-474.2999999523163,7,9,53,False,0.10452509832933797,190.42794334235396,1,COLINA,34.08844883992992,-118.59612324942074,2011-07-10,0.6430808840084533
297.8,20.9,1.3,1.43,0.0,2.5,63.0,8.3,10.3,291.0,-2.5,-70.2000024318695,-367.10000133514404,10,1,26,False,0.0976149028079838,248.77127932440942,1,PIUMA,34.068121833619834,-118.67244326016245,2011-10-31,0.6051089390438955
295.4,25.4,3.8,1.19,0.0,3.5,42.0,10.5,16.1,180.0,-3.5,122.70000088214874,2.5000014901161194,1,21,11,False,0.10673902688934202,301.97901354580097,1,MALIBU BEACH,34.03364382602854,-118.74004026842753,2011-01-14,0.5901826351564969
305.1,12.9,3.7,2.57,0.0,7.9,89.0,5.0,6.3,211.0,-7.9,-238.9000015258789,-610.1000008583069,7,6,99,False,0.11249112253864026,13.429607879005285,1,CROWN,34.575564725974864,-118.2300976858463,2010-07-29,0.1816812211116818
311.8,19.0,4.9,3.55,0.0,10.1,86.0,5.8,6.2,242.0,-10.1,-263.30000162124634,-621.5000004768372,7,5,87,False,0.01579572416358083,43.1895193455198,1,NEENACH,34.77696972175494,-118.54363051989466,2010-07-17,0.2454118678541103
306.5,11.6,3.6,2.86,0.0,8.2,93.0,4.5,5.7,219.0,-8.2,-257.00000047683716,-642.1000022888184,7,7,99,False,0.02708069686317747,74.74206347062368,1,LANCASTER,34.746687996770696,-118.49864667515827,2010-07-29,0.24616957140035547
303.1,19.3,3.3,1.8,0.0,6.7,69.0,8.2,9.3,179.0,-6.7,-210.7999987602234,-560.9999994039536,8,2,110,False,0.02719512612979048,319.76064210160484,1,HASKELL,34.45759843652559,-118.5068964266392,2010-08-08,0.31808299502408943
305.9,19.5,2.4,2.14,0.0,6.8,64.0,9.2,10.1,233.0,-6.8,-202.0999994277954,-536.2999999523163,7,4,94,False,0.04794374830193278,152.58873358945414,1,NEWHALL,34.35804803950065,-118.551433096985,2010-07-23,0.4461780294652027
295.3,51.9,2.8,0.78,0.0,5.3,39.0,14.3,14.3,285.0,-5.3,-142.20000004768372,-346.399999499321,7,11,23,False,0.1852773901369972,39.747940276292034,1,ECHO LAKE,33.40576191576746,-118.39328554897787,2010-07-01,0.36388640358890045
304.6,27.4,2.5,1.66,0.0,6.1,48.0,13.4,12.8,169.0,-6.1,-185.7000012397766,-502.20000171661377,8,5,103,False,0.015788513370339062,121.13981780742687,1,MUREAU,34.15124007128274,-118.66345932967496,2010-08-01,0.4015081672952745
304.5,12.7,2.1,2.36,0.0,5.3,75.0,7.9,8.3,200.0,-5.3,-188.00000095367432,-568.5,9,1,109,False,0.143259847969548,269.12764060441987,1,TAMPA,34.30101059195904,-118.55904044961494,2010-09-13,0.309836270637491
301.3,34.0,2.4,1.23,0.0,5.8,42.0,13.8,14.5,179.0,-5.8,-160.0,-384.59999895095825,7,6,73,False,0.07908910216242754,176.08102089520105,1,LOST,34.12860856127709,-118.6973103490771,2010-07-02,0.3876956833395864
302.3,22.1,2.3,1.78,0.0,5.5,74.0,8.9,7.6,137.0,-5.5,-201.00000047683716,-583.0999999046326,8,0,120,False,0.03509879308114868,23.443678551441984,1,OAK,34.37879712616097,-118.58966767454747,2010-08-31,0.337148949281087
304.1,22.2,1.8,1.73,0.0,4.7,53.0,11.9,12.0,218.0,-4.7,-163.7999985218048,-517.1999986171722,9,0,120,False,0.07535624577305113,238.7374936030665,1,COLIMA,33.970196249250606,-117.99057093314408,2010-09-16,0.41696592412662686
297.5,16.9,4.4,1.47,0.0,6.9,72.0,6.3,9.4,243.0,-6.9,-174.2000002861023,-374.8000007867813,6,14,52,False,0.05884593938172592,146.0274174299386,1,QUAIL,34.76502464764248,-118.77380392576964,2010-06-19,0.31717958808893804
303.1,27.2,2.9,1.53,0.0,6.4,52.0,11.0,12.3,190.0,-6.4,-178.19999873638153,-414.49999725818634,6,9,65,False,0.021747493349199863,348.0459291466131,1,CALGROVE,34.34010931259759,-118.52251944858165,2010-06-25,0.4759315633577534
303.4,20.2,2.1,1.83,0.0,4.9,62.0,9.3,10.8,203.0,-4.9,-175.10000014305115,-536.3000028133392,9,0,120,False,0.06385720326518013,168.60845030249567,1,QUEENS,34.15570055077617,-118.68341129123739,2010-09-15,0.3401418784683138
300.8,20.6,2.9,1.51,0.0,6.3,57.0,9.1,12.0,196.0,-6.3,-173.10000085830688,-416.2000002861023,6,10,59,False,0.03185659749626801,185.68041412267073,1,RIVER,34.49620126149229,-118.61243924082208,2010-06-19,0.28835162901824496
303.4,36.4,2.7,1.26,0.0,5.9,44.0,14.1,13.7,164.0,-5.9,-173.80000066757202,-416.2000021934509,6,7,69,False,0.07130423309551293,93.50085750162673,1,OLIVE,34.14318784429009,-118.60991225555975,2010-06-28,0.44256630138609154
307.4,9.8,4.0,2.95,0.0,8.9,91.0,5.2,5.9,216.0,-8.9,-233.0,-513.4999998807907,5,9,67,False,0.013182469789380506,73.09172565208473,1,GRAVE,34.6722291226859,-118.26210594078857,2009-05-28,0.26753529318823693
298.9,45.7,2.3,1.02,0.0,4.9,47.0,12.0,12.6,253.0,-4.9,-148.80000066757202,-414.60000014305115,8,0,120,False,0.17196418565413385,232.77923916965142,1,PV,33.75214886664464,-118.35929283294124,2009-08-27,0.4278203260047226
297.2,14.5,5.8,1.26,0.0,6.8,87.0,6.5,5.9,222.0,-6.8,-253.6000018119812,-562.50000166893,6,10,74,False,0.003279976870613429,33.321313411889065,1,G,34.738400847462536,-118.28009937708946,2009-06-04,0.28931401125481293
306.4,9.7,2.4,2.84,0.0,4.5,75.0,5.4,9.5,198.0,-4.5,-90.39999985694885,-427.09999895095825,11,2,20,False,0.05212479157908482,57.875373603336655,1,DIAMOND,34.02329646925195,-117.7754145370243,2009-11-03,0.3219453104020219
308.1,8.2,2.7,3.17,0.0,7.9,82.0,4.9,8.2,223.0,-7.9,-175.80000066757202,-492.5000021457672,6,7,22,False,0.051030328031789585,358.48255372227874,1,STATE PARK,34.793950612977476,-118.86940197006261,2009-06-28,0.27498712104753814
309.6,6.5,5.0,3.51,0.0,10.3,92.0,4.1,6.4,221.0,-10.3,-215.5,-462.69999969005585,5,11,57,False,0.0033185824159330515,7.801169976670996,1,VALLEY,34.71222241269526,-118.23614847143644,2009-05-18,0.22384143991153574
306.3,8.0,1.9,3.09,0.0,5.0,97.0,3.8,5.3,51.0,-5.0,-195.50000095367432,-680.8000040054321,9,1,114,True,0.1305536928242093,45.86195643197033,1,HILLSIDE,34.66838315364194,-118.35684158108417,2009-09-25,0.3209736591627172
310.3,12.9,4.8,3.5,0.0,10.1,95.0,4.0,5.4,225.0,-10.1,-273.70000076293945,-714.7000026702881,7,1,111,False,0.005499403771949273,4.698301349943636,1,GOLF,34.729463985623,-118.2851243913796,2009-07-11,0.2869298197113011
311.0,16.0,2.5,3.37,0.0,7.5,76.0,6.5,8.4,189.0,-7.5,-220.6000018119812,-562.4000028371811,7,3,98,False,0.08925302670328007,30.982955327437402,1,SLOAN,34.49708296776038,-118.64067267104554,2009-07-17,0.28292562993680886
312.4,16.7,3.2,3.55,0.0,8.7,81.0,5.6,7.6,172.0,-8.7,-226.0999994277954,-567.900000333786,7,3,100,False,0.052392345934407815,336.70337686972766,1,CANYON,34.53772986113091,-118.65717946515187,2009-07-19,0.2791920300157978
301.1,33.5,2.8,1.41,0.0,6.2,51.0,10.4,12.7,193.0,-6.2,-157.39999961853027,-445.6000003814697,7,3,33,False,0.09688024353747716,337.8758774913769,1,MT ST MARYS,34.09040880565557,-118.47982484660133,2009-07-08,0.4950332793618195
300.1,21.8,4.9,1.54,1.4,6.7,44.0,11.3,10.3,194.0,-5.2999997,-180.59999895095825,-435.4999990463257,6,12,0,False,0.19995311841332228,296.8615424935747,1,TERREBONNE,34.14203711069126,-117.78368612508773,2009-06-03,0.4664820650027642
306.9,18.0,3.6,2.31,0.0,7.8,73.0,6.5,8.9,234.0,-7.8,-198.5,-514.3999978303909,7,3,39,False,0.09647399337655894,235.26221128388755,1,MARSHALL,34.147263978042446,-117.74447847447004,2009-07-12,0.49070157792874636
301.6,25.5,2.9,1.33,0.0,5.7,61.0,9.3,10.4,157.0,-5.7,-165.19999957084656,-292.09999680519104,5,12,48,False,0.021178164929377775,88.52748161372125,1,EE RANCH,34.137691093245145,-118.58547206318305,2009-05-09,0.5140735980246913
305.7,23.1,2.9,2.05,0.0,5.8,66.0,9.0,9.4,151.0,-5.8,-189.40000009536743,-533.9999992847443,8,1,78,False,0.035186027144850605,37.915201959527245,1,ROMDELL,34.14839165125261,-118.69436321793653,2009-08-22,0.31092657515307126
305.9,25.3,2.9,2.1,0.0,7.0,59.0,8.8,11.2,176.0,-7.0,-176.10000133514404,-474.800000667572,7,2,39,False,0.0389335836025416,133.20641161011125,1,PARK,34.09967686821157,-118.71555429112185,2009-07-14,0.4574027585798347
293.7,10.7,7.0,1.58,0.0,6.6,82.0,6.1,7.4,41.0,-6.6,-146.29999887943268,-550.4000002145767,10,1,9,False,0.14260594773436844,286.20958001830877,1,SESNON,34.30767748377851,-118.60457580841481,2008-10-13,0.3693626772524392
306.7,26.3,3.3,1.89,0.0,6.4,64.0,9.5,9.7,160.0,-6.4,-195.69999933242798,-592.7999997138977,8,1,94,False,0.01885722062174422,78.34575534336149,1,LOST,34.130621188237406,-118.71480807516,2008-08-26,0.37465313993443666
305.9,16.4,2.1,2.68,0.0,6.6,64.0,8.6,10.5,60.0,-6.6,-159.39999961853027,-349.40000092983246,5,14,47,True,0.0569760001473236,35.80593269139872,1,STORRS,34.04354446854801,-117.78268829039791,2008-05-16,0.3282699802488643
312.4,7.3,3.1,4.1,0.0,7.7,94.0,4.9,5.4,235.0,-7.7,-252.10000085830688,-810.7000007629395,9,3,54,False,0.011722357997967024,62.10567510392749,1,D,34.77901616784675,-118.47513106975865,2008-09-06,0.22358546431251716
303.4,27.4,2.1,1.79,0.0,4.5,67.0,8.5,9.0,199.0,-4.5,-142.7000002861023,-489.00000047683716,9,0,120,False,0.05991977991705184,271.03996140130494,1,KANAN,34.06605592524745,-118.80312690692666,2008-09-27,0.5812031835058065
304.2,33.0,2.7,1.68,0.0,5.9,61.0,9.6,9.9,175.0,-5.9,-177.90000009536743,-531.0000009536743,8,3,94,False,0.07905608752497939,277.50762174190356,1,TOPANGA,34.04790967827426,-118.5804807900372,2008-08-26,0.6109650526615428
298.7,34.3,2.4,1.3,0.0,5.4,61.0,10.2,9.4,195.0,-5.4,-159.29999995231628,-440.7000004053116,6,7,11,False,0.027086842573507207,239.85449218079623,1,TRIUNFO,34.12105205344393,-118.79060948342176,2008-06-04,0.47236143486245785
296.3,22.7,1.9,1.26,0.0,4.9,72.0,7.4,8.1,250.0,-4.9,-151.1999990940094,-290.4999985694885,5,19,29,False,0.10442327235661798,97.18360861434668,1,WESTLAKE,34.11609576780894,-118.85407014517104,2008-05-01,0.599715132007662
287.6,12.8,4.6,1.02,0.0,3.6,57.0,6.0,13.5,28.0,-3.6,83.7000025510788,-33.69999718666077,1,22,10,False,0.0834367522351782,338.794549090642,1,MULHOLLAND,34.09747704688876,-118.86284559291538,2008-01-17,0.5614525411681084
293.8,8.7,13.6,1.54,0.0,8.3,74.0,7.7,8.8,45.0,-8.3,-105.29999899864197,-520.9000010490417,10,3,8,True,0.09860928537045534,236.71488899608897,1,BUCKWEED,34.50918252011029,-118.44010144290156,2007-10-21,0.29734735179114485
293.0,46.1,3.7,0.79,0.0,4.9,49.0,10.9,12.5,293.0,-4.9,-123.1000006198883,-320.59999895095825,5,12,18,False,0.15421350588137922,66.94074843932847,1,ISLAND,33.35980397443656,-118.36458143103069,2007-05-10,0.4180241932935739
294.5,21.4,3.9,1.44,0.0,3.9,65.0,8.8,9.7,83.0,-3.9,-60.999999046325684,-316.2999997138977,11,6,8,False,0.12207207207207207,270.0,1,CORRAL,34.0555198260137,-118.74804047955308,2007-11-24,0.2707834419559979
298.9,8.0,9.8,2.17,0.0,9.2,73.0,6.3,9.6,48.0,-9.2,-129.70000052452087,-518.6999995708466,10,4,9,True,0.04586238813852724,136.56550274095895,1,MAGIC,34.40507227103999,-118.61964058272517,2007-10-22,0.2515551333952093
298.8,16.7,2.9,1.55,0.0,6.2,80.0,6.4,7.5,313.0,-6.2,-159.90000009536743,-365.2000023126602,5,16,26,False,0.05922090834204116,311.80525674560795,1,GORMAN,34.75887112001486,-118.81255466251673,2007-05-19,0.23493340310414287
309.6,21.2,2.7,3.14,0.5,6.6,86.0,6.2,5.6,193.0,-6.1,-211.09999895095825,-649.3000020980835,9,1,41,False,0.12940000685266306,59.29685317803003,1,NORTH,34.41695424947728,-118.24963871316815,2007-09-02,0.26065634342357274
302.0,16.7,2.8,2.2,0.0,6.7,63.0,7.5,10.9,214.0,-6.7,-121.89999961853027,-303.0999994277954,5,12,18,False,0.07597174748743564,14.770912848407137,1,GRIFFITH PARK,34.127002178534774,-118.28848994522599,2007-05-08,0.46705426698003283
311.2,10.5,3.4,3.54,0.0,9.0,91.0,4.7,6.0,192.0,-9.0,-232.60000038146973,-575.4999996423721,7,6,76,False,0.04111832975976581,254.5876574873281,1,CANYON,34.47080173746864,-118.33044922462231,2007-07-07,0.21885771941948862
313.9,6.1,5.0,4.59,0.0,11.4,106.0,3.0,3.8,233.0,-11.4,-306.6000003814697,-752.9000017642975,7,3,89,False,0.0044106309462691754,5.861743421167703,1,WEST,34.782721430867,-118.31718917643659,2007-07-07,0.14399643773942572
297.9,17.8,2.5,1.52,0.0,4.7,63.0,9.1,10.5,237.0,-4.7,-123.50000059604645,-254.69999980926514,3,14,10,False,0.08610930244800524,137.15251551849084,1,BARHAM,34.140822845374636,-118.3327848754438,2007-03-30,0.4164446278706975
310.8,20.7,2.4,3.5,0.8,6.6,67.0,6.1,5.6,216.0,-5.7999997,-237.7000002861023,-742.5000014305115,9,0,120,False,0.09724273910319367,84.82816104615394,1,FAIRMONT,34.69438365616206,-118.42268544895471,2007-09-01,0.2977258758936683
308.7,11.9,3.0,3.26,0.0,6.9,90.0,5.8,5.6,224.0,-6.9,-232.39999914169312,-746.9000015258789,9,1,10,False,0.07296632563609258,55.81583112925324,1,EMMA,34.50614606154251,-118.06329599166094,2007-09-11,0.1895057552535946
306.9,26.6,2.3,2.13,0.0,6.3,60.0,9.4,10.6,189.0,-6.3,-186.30000019073486,-540.9000005722046,8,0,120,False,0.04409017548367282,183.51440203813274,1,SKYLINE,33.99344739015952,-118.00807715263504,2007-08-21,0.3466231483126988
310.9,9.5,3.8,3.76,0.0,8.8,94.0,5.1,5.3,215.0,-8.8,-248.2000002861023,-733.4000043869019,8,1,115,False,0.055142612703610795,304.40628669987655,1,PEARBLOSSOM,34.50994988591481,-118.11627952782008,2007-08-13,0.19530619421846623
287.4,21.3,7.6,0.7,0.0,4.7,70.0,8.6,8.5,14.0,-4.7,-149.599999666214,-343.10000014305115,4,9,3,False,0.09171240870269853,97.19121172047882,1,PEARBLOSSOM,34.51805887529085,-118.09316957271683,2007-04-12,0.17951155539758687
298.9,7.9,11.9,2.09,0.0,9.9,73.0,6.6,9.6,47.0,-9.9,-133.80000019073486,-507.1999990940094,10,3,9,True,0.05073350199369318,288.18991194118894,1,SOLEDAD,34.42915688250262,-118.41954464084189,2007-10-22,0.28885394869364284
304.1,7.1,6.6,2.9,0.0,8.6,77.0,5.0,9.2,56.0,-8.6,-134.90000009536743,-506.4999988079071,10,4,10,True,0.05244442911199122,72.43783134257212,1,MEADOW RIDGE,34.3617389123417,-118.51524103750872,2007-10-23,0.3681243083667384
296.1,7.8,9.4,1.93,0.0,8.2,72.0,7.1,9.4,52.0,-8.2,-96.89999890327454,-486.7999999523163,10,3,8,True,0.12271469124129478,275.8661868680713,1,SESNON,34.30535027727474,-118.5591985434626,2007-10-21,0.3516872869809049
296.3,7.7,11.5,1.81,0.0,8.7,69.0,7.7,9.9,47.0,-8.7,-107.29999923706055,-513.0999999046326,10,4,8,True,0.042065648459008814,177.54509354015264,1,OCTOBER,34.381644924296474,-118.49661933920233,2007-10-21,0.283203065376259
300.0,7.8,7.1,2.19,0.0,7.7,75.0,6.2,9.1,43.0,-7.7,-129.39999914169312,-518.8999993801117,10,5,3,False,0.08355081849606177,106.33011758853962,1,Y,34.461536040566465,-118.16179743678212,2007-10-23,0.2275015363349132
304.8,27.5,2.4,1.9,0.0,6.2,60.0,9.3,10.5,207.0,-6.2,-181.2999997138977,-515.8999996185303,8,1,116,False,0.0828031125104563,255.5402435467512,1,GRIFFITH PARK,34.118786672325115,-118.30535276248193,2007-08-14,0.34603536520348316
300.8,11.8,2.9,2.25,0.0,5.2,67.0,8.6,9.9,44.0,-5.2,-130.19999957084656,-525.6000010967255,10,2,15,False,0.04069827586843571,171.72730480291543,1,AGOURA 2,34.14215475640475,-118.69684391783828,2007-10-07,0.3327428622208177
304.6,25.5,2.3,1.88,0.0,6.4,59.0,10.2,10.6,182.0,-6.4,-171.7000002861023,-450.70000100135803,6,5,62,False,0.04661889683618131,331.1106252940467,1,AGOURA,34.138687808405386,-118.73074582291352,2007-06-21,0.35010756061922454
307.7,23.5,2.3,2.36,0.0,7.0,68.0,8.0,9.0,147.0,-7.0,-185.20000076293945,-474.29999899864197,7,2,74,False,0.025676292924604913,309.47416938545155,1,KANAN,34.11926906147464,-118.7879186266357,2007-07-03,0.4039080741662227
301.1,14.3,2.7,1.89,0.0,6.3,70.0,6.1,9.8,237.0,-6.3,-135.80000042915344,-333.3999991416931,5,10,19,False,0.05045045045045045,270.0,1,TRIUNFO,34.125449313056954,-118.78973456381993,2007-05-09,0.4828222601792978
295.6,43.1,2.1,0.9,0.0,4.9,57.0,10.8,10.1,207.0,-4.9,-156.10000038146973,-371.10000240802765,5,12,33,False,0.09886640522545906,231.17844074739932,1,LATIGO,34.052227017184876,-118.77445676998812,2007-05-23,0.6130295001678615
302.6,33.4,3.1,1.63,0.0,6.3,60.0,9.2,10.3,177.0,-6.3,-175.70000076293945,-498.5,8,1,107,False,0.1616975311605066,280.46276170441917,1,FLORES,34.067227052357715,-118.64445674338991,2007-08-05,0.5268842570836212
294.0,34.1,1.8,0.9,0.0,4.5,53.0,11.1,11.7,228.0,-4.5,-111.2000013589859,-239.4000005722046,4,14,6,False,0.11165090687670955,283.5163119829647,1,LATIGO CANYON,34.04849089706948,-118.77434561609253,2007-04-26,0.6225737767070807
300.6,14.0,2.9,2.16,0.0,4.4,71.0,8.2,8.8,73.0,-4.4,-115.89999961853027,-451.900000333786,11,4,21,True,0.07031838700474434,225.8449595982156,1,VIRGENES,34.14405426159052,-118.70271574569111,2007-11-03,0.30858664401825026
301.5,13.5,3.3,2.17,0.0,6.9,87.0,5.2,6.5,223.0,-6.9,-215.9000015258789,-622.1000020503998,8,4,22,False,0.05371347734036911,208.55562947859679,1,QUAIL,34.80553573805397,-118.8196292337652,2006-08-13,0.331916684766512
302.6,39.2,2.9,1.65,0.0,6.6,59.0,9.6,10.0,159.0,-6.6,-174.60000133514404,-426.7000012397766,7,11,61,False,0.11552808234023546,205.6450820666083,1,EMPIRE,33.41051741979228,-118.45274303759409,2006-07-22,0.35222138315099344
309.3,13.8,2.3,3.19,0.0,6.7,86.0,5.9,6.6,175.0,-6.7,-201.7999997138977,-646.7000021934509,8,2,98,False,0.02165237880989785,123.67981038297086,1,CROSS,34.37904345170685,-118.42741446590304,2006-08-28,0.4733890859185244
305.5,7.9,6.6,2.87,0.0,10.0,98.0,3.4,5.3,221.0,-10.0,-245.09999990463257,-749.5000019073486,8,2,34,False,0.009488524749047635,10.946523703621141,1,POPPY,34.71444430167934,-118.39201725113125,2006-08-25,0.24609661545752537
313.0,14.7,2.2,4.24,0.0,7.5,89.0,5.5,5.9,251.0,-7.5,-250.69999980926514,-635.8000009059906,7,11,1,False,0.013544131197301246,68.62633902885167,1,HWY 138 & 300 WEST,34.784837688220925,-118.68033903541264,2006-07-23,0.25120732015560493
312.2,17.2,1.9,3.63,9.6,6.8,59.0,9.0,6.8,202.0,2.8000002,-235.0999994277954,-656.1999986171722,7,10,0,False,0.055588376497574456,101.33294630180657,1,HIGHLAND,34.43952461512385,-117.71547805359282,2006-07-22,0.2565058185696511
307.7,16.0,3.6,2.37,0.0,7.8,90.0,5.1,5.9,219.0,-7.8,-248.80000066757202,-602.2000000476837,7,13,57,False,0.11140885197495277,52.798515700758394,1,JOHNSON ROAD,34.6614482027047,-118.33470762471356,2006-07-18,0.31204621870310406
298.3,9.7,2.4,1.94,0.0,3.8,71.0,6.3,9.7,350.0,-3.8,-76.40000092983246,-103.19999945163727,2,11,25,False,0.04423970137705925,55.56267875868674,1,LATIGO,34.08153225948763,-118.76131871045861,2006-02-08,0.7365548883315891
310.3,12.7,3.9,3.37,0.0,7.6,63.0,8.1,11.1,27.0,-7.6,-151.29999947547913,-558.1999995708466,9,1,8,False,0.09968594619583951,240.17972797173752,1,TOPANGA,34.218468041814354,-118.69523175481805,2005-09-28,0.430976316568924
303.6,8.9,4.0,2.46,0.0,7.3,93.0,5.0,5.6,216.0,-7.3,-197.99999952316284,-623.1999988555908,9,3,116,False,0.11925985049311376,153.77387792477685,1,GORMAN,34.81038791873737,-118.87698193976789,2005-09-03,0.260892905378722
302.4,13.0,4.2,2.23,0.0,8.2,85.0,5.0,7.0,229.0,-8.2,-224.4000005722046,-511.59999918937683,6,12,31,False,0.03511616400126547,32.598752119081354,1,MUNZ,34.6934480361603,-118.36972320283853,2005-06-27,0.2645521029975119
303.9,18.7,3.9,2.24,0.0,8.0,79.0,6.2,7.7,216.0,-8.0,-210.40000200271606,-495.4000017642975,7,9,39,False,0.16266123173918892,66.83746014906457,1,TOVEY,34.541044006127656,-118.16219359566391,2005-07-05,0.3007969275728616
310.9,9.0,3.3,3.58,0.0,8.8,86.0,5.7,6.8,252.0,-8.8,-238.70000219345093,-567.6000018119812,7,8,68,False,0.10190297485320716,131.28251037440938,1,SIERRA,34.50432388997877,-118.10100023791094,2005-07-13,0.25226524684044227
312.2,11.7,3.0,4.15,0.0,8.7,91.0,4.8,6.1,221.0,-8.7,-249.0999994277954,-567.6000001430511,7,9,17,False,0.06299340326839706,56.786831300809546,1,RANGE,34.669913880107906,-118.31946980171071,2005-07-19,0.30494273019885076
302.0,14.2,4.9,2.17,0.0,8.4,86.0,5.1,6.8,239.0,-8.4,-234.10000133514404,-532.4000017642975,6,13,49,False,0.013074566630228043,87.59634522142404,1,D,34.766650688740846,-118.5183769130173,2005-06-27,0.26087827065887176
310.9,12.0,4.0,3.35,0.0,9.4,89.0,4.9,6.3,225.0,-9.4,-243.60000085830688,-585.8000009059906,7,10,56,False,0.007378349148345136,121.2729240845396,1,PALMDALE,34.590384459298754,-118.04639625438713,2005-07-01,0.2494894510268562
308.3,17.9,2.5,2.48,0.0,7.1,68.0,9.2,9.2,183.0,-7.1,-218.2000012397766,-551.9999997615814,8,7,66,False,0.08544145514832148,332.69886512959437,1,QUINN,34.444431514983826,-118.4353707822935,2005-08-01,0.2821458017377566
299.1,17.2,2.9,1.43,0.0,6.1,65.0,7.7,10.6,162.0,-6.1,-173.0999994277954,-427.8999993801117,6,11,51,False,0.05250615729460513,177.5415425317332,1,OAK,34.47806504901856,-118.70433283191107,2005-06-25,0.44914199020498435
306.1,16.9,4.4,2.65,0.0,8.8,85.0,5.6,6.7,229.0,-8.8,-237.70000076293945,-556.5000004768372,7,8,40,False,0.010045200408449768,99.41413915343155,1,QUARTZ,34.669564456515374,-118.24667773653209,2005-07-06,0.24740200011846705
307.8,10.7,3.9,3.32,0.0,9.0,89.0,4.7,6.6,230.0,-9.0,-222.9000005722046,-593.5000011920929,7,2,86,False,0.05530842268013975,61.592755724644476,1,PINE,34.74120168505106,-118.6068086758699,2004-07-12,0.30889310099713707
305.7,16.6,3.1,2.53,0.0,7.6,80.0,5.9,7.8,184.0,-7.6,-200.30000019073486,-563.600001335144,7,2,91,False,0.18838674971124597,127.6785745078788,1,FOOTHILL,34.36915858316306,-118.47008027614139,2004-07-17,0.4964328331095488
303.1,4.4,2.2,2.94,0.0,5.8,95.0,4.3,5.8,75.0,-5.8,-211.20000076293945,-665.4000029563904,9,0,120,True,0.03696060123503132,102.84240575824182,1,MUNZ,34.66755750419307,-118.37293773614972,2004-09-05,0.3138270032779116
309.4,10.6,3.5,3.6,0.0,8.7,73.0,6.2,9.5,259.0,-8.7,-168.30000019073486,-280.5000030994415,5,14,16,False,0.05005696277480276,186.71806331876763,1,WAYSIDE,34.45726753325479,-118.59785032052001,2004-05-03,0.29541246395702503
304.5,10.1,2.8,2.65,0.0,4.9,79.0,5.7,8.3,23.0,-4.9,-134.30000162124634,-523.7000017166138,10,0,120,False,0.038594642147995434,238.4305739168035,1,VERDALE,34.425929938806746,-118.71581643970195,2003-10-24,0.2915061644782309
304.1,18.3,3.9,2.21,0.0,7.7,82.0,6.4,6.8,195.0,-7.7,-230.7000012397766,-522.9000005722046,7,12,34,False,0.1345325410917746,250.77110861613124,1,HAUSER,34.56464935920603,-118.29373033781236,2003-07-24,0.4055797022175706
296.2,21.7,5.1,1.56,0.0,4.7,50.0,8.8,14.3,24.0,-4.7,0.800000786781311,-89.7999986410141,1,14,8,False,0.1533795129046614,246.38999144759373,1,PACIFIC,34.04465236503858,-118.87344324129919,2003-01-06,0.5916934960143156
299.2,14.2,2.6,1.87,0.0,4.4,86.0,6.1,6.4,203.0,-4.4,-145.70000052452087,-569.4000012874603,10,0,120,False,0.06397577186030272,96.89182262426141,1,AQUEDUCT,34.766996955217856,-118.76607569805432,2003-10-13,0.29838438055369065
305.3,15.3,2.6,2.33,0.0,6.5,85.0,7.4,5.8,210.0,-6.5,-218.59999895095825,-650.300000667572,8,4,101,False,0.037986316425019796,325.3058898381921,1,LOS ALAMOS,34.706103229023746,-118.80839926875778,2003-08-23,0.31505478545899734
305.3,14.7,2.6,2.38,0.0,5.4,87.0,6.4,5.9,224.0,-5.4,-176.2000002861023,-608.8000011444092,9,0,120,False,0.051886976185127325,52.18601544188195,1,GORMAN,34.787974624673865,-118.86243024787682,2003-09-27,0.32106466998459543
306.9,15.2,2.6,2.47,0.0,7.4,75.0,5.6,9.1,241.0,-7.4,-198.69999980926514,-440.70000100135803,7,11,15,False,0.048320712100773607,193.4768502473712,1,DULCE,34.4721843228288,-118.29995065519229,2003-07-05,0.2769059748055128
295.7,25.6,3.9,1.49,0.0,3.9,51.0,9.1,13.5,359.0,-3.9,-3.900000214576721,-108.59999895095825,1,11,15,False,0.07301775494325345,169.33469251791445,1,AIRPORT,33.39383081740457,-118.42678982987383,2003-01-06,0.47182334090235956
308.0,15.7,4.9,2.33,0.0,8.8,76.0,6.9,8.4,241.0,-8.8,-228.40000009536743,-437.59999775886536,6,12,34,False,0.002837361356176174,320.57799383310646,1,WEST,34.70919331240041,-118.24567826420243,2003-06-06,0.2560476107732407
308.5,15.4,1.5,2.91,0.0,3.8,64.0,8.9,10.5,293.0,-3.8,-124.59999942779541,-474.9999985694885,10,0,120,False,0.14086964340645758,251.75000848398594,1,WILDWOOD,34.20088513836335,-118.2980174909653,2003-10-21,0.4266060939968402
307.8,22.6,2.9,2.4,0.0,6.5,82.0,6.8,6.6,205.0,-6.5,-214.30000066757202,-638.4000010490417,9,0,120,False,0.07944684325344203,3.9013049538122453,1,SAGE,34.50917153734798,-118.24752687085515,2003-09-02,0.2771107106889674
308.7,15.7,3.1,2.73,0.0,8.1,64.0,9.0,10.4,255.0,-8.1,-181.9000005722046,-429.1999995112419,6,9,16,False,0.1262030210838057,171.1714723183757,1,COPPER,34.55855687324214,-118.48219943481548,2002-06-05,0.36870199419511546
302.3,14.7,3.9,1.83,0.0,7.3,84.0,5.5,7.1,245.0,-7.3,-198.4000015258789,-472.9000008702278,6,7,29,False,0.05377638516624575,161.43974746701932,1,COPCO,34.740561461902296,-118.78169971751562,2002-06-18,0.2906629961688849
310.0,10.0,2.7,3.43,0.0,6.6,86.0,5.3,7.0,201.0,-6.6,-194.30000019073486,-650.7000007629395,9,1,117,False,0.10530784162682685,297.16286916928027,1,OASIS,34.458871865740996,-118.27729280453508,2002-09-14,0.21875829959514176
310.5,12.7,3.2,3.91,0.0,7.4,79.0,7.4,7.5,239.0,-7.4,-195.40000104904175,-615.4000010490417,9,1,104,False,0.08354002681413705,323.621027056663,1,FREEWAY II,34.53687461988305,-118.66349982822653,2002-09-01,0.2480177023478072
304.6,22.3,2.2,2.06,0.0,5.3,66.0,8.5,9.7,205.0,-5.3,-172.9000015258789,-546.9000029563904,9,3,80,False,0.17493834853306042,237.6259349814759,1,MOUNTAIN,34.194539924396224,-118.26753898722666,2002-09-09,0.42508605620174206
310.5,18.7,2.9,2.82,0.0,8.1,62.0,9.0,10.7,160.0,-8.1,-197.70000076293945,-506.40000051259995,7,5,17,False,0.021662760793053387,249.3447170422735,1,PLACERITA,34.383209249999794,-118.48532336087611,2002-07-08,0.2885315949527063
295.0,27.7,2.2,1.1,0.0,5.3,55.0,12.0,10.9,218.0,-5.3,-141.8999997973442,-381.9000009894371,5,9,3,False,0.2235912597045228,278.437588651024,1,SHANNON,34.53359321592915,-118.23641950483528,2002-05-23,0.25264780539814813
304.6,13.4,3.1,2.61,0.0,6.9,88.0,5.7,6.1,282.0,-6.9,-224.4000005722046,-686.3000011444092,8,1,97,False,0.11853908733577329,23.278553121560826,1,CHERRY,34.59178500380911,-118.29299250261992,2002-08-25,0.3353482523696682
305.1,21.9,2.6,1.83,0.0,6.7,55.0,11.5,11.4,317.0,-6.7,-175.2999997138977,-416.8000001311302,6,6,15,False,0.05001296025082621,298.0357984263846,1,RIDGE,34.515358272582056,-118.61852571739273,2002-06-04,0.18964097004166905
304.6,20.2,2.0,2.38,0.0,4.5,72.0,7.4,8.9,150.0,-4.5,-153.79999947547913,-552.4999997615814,10,0,120,False,0.03686312855276156,348.01051541773586,1,CAMBRIDGE,34.46470905114162,-118.62895530665892,2002-10-08,0.26814252823631624
307.1,15.2,3.1,2.52,0.0,6.3,76.0,7.1,8.2,255.0,-6.3,-204.39999961853027,-639.1999998092651,9,2,75,False,0.06864876066596157,277.7728531598466,1,QUARRY,34.43375919522234,-118.34357896667937,2002-09-04,0.2626522373617694
295.9,26.5,2.8,1.05,0.0,5.3,51.0,13.7,11.6,212.0,-5.3,-142.4999995827675,-378.0999990105629,5,8,2,False,0.06668369256471252,10.508759950788187,1,BURLWOOD,34.46905690654495,-118.67461555747707,2002-05-22,0.29637044372914145
308.7,17.3,4.0,2.46,0.0,8.4,67.0,8.1,10.0,133.0,-8.4,-204.19999933242798,-524.7999995946884,7,1,114,False,0.05038138167084617,154.0172978476239,1,FREEWAY I,34.358109952358966,-118.55032158263944,2002-07-09,0.39407952647064626
300.4,15.5,5.0,1.75,0.0,5.9,60.0,10.7,10.5,20.0,-5.9,-151.30000114440918,-540.000002861023,10,0,120,False,0.06203981863967442,219.17403187019616,1,STABLES,34.493394218966024,-118.49569095074898,2001-10-12,0.36451887131489047
310.5,17.2,2.7,3.03,0.0,7.1,69.0,8.6,9.2,140.0,-7.1,-202.70000076293945,-601.1000003814697,8,0,120,False,0.12006124837796496,27.968096776394702,1,SLOAN,34.502156385306,-118.64948938925808,2001-08-27,0.3442226380440791
301.5,40.6,3.5,1.07,0.0,5.9,58.0,11.7,9.8,230.0,-5.9,-207.00000143051147,-510.80000245571136,7,6,77,False,0.055384773264356764,280.2288539887442,1,BOUQUET,34.47301424952182,-118.47597783106205,2001-07-07,0.3446512973933647
305.7,23.5,2.1,2.08,0.0,5.8,68.0,9.8,8.6,137.0,-5.8,-205.40000009536743,-602.600001335144,8,0,120,False,0.09903431712588089,343.89168387293086,1,TEMPLIN,34.53616427788664,-118.65864686628231,2001-08-24,0.3212013804680556
299.2,25.1,3.4,1.27,0.0,6.1,65.0,9.5,9.3,207.0,-6.1,-195.7999987602234,-500.8999972343445,7,5,10,False,0.09399824034692211,283.3941580508114,1,GLENDORA,34.15928502927283,-117.83444750481196,2001-07-15,0.5376425025179219
304.5,32.5,2.3,1.62,0.0,6.2,54.0,11.4,11.3,161.0,-6.2,-177.4000015258789,-386.40000343322754,6,18,54,False,0.085628885985892,268.1778180445567,1,CALABASAS,34.18970566656804,-118.68590805289506,2000-06-11,0.4046836934197014
306.5,16.3,4.5,2.72,0.0,7.6,81.0,5.2,7.8,198.0,-7.6,-180.09999990463257,-620.0000009536743,9,2,15,False,0.08611960887847364,145.60490930300753,1,YUCCA,34.50855130049297,-118.28033170402593,2000-09-13,0.25999028652672734
303.1,18.5,2.6,2.08,0.0,6.9,72.0,6.3,9.2,213.0,-6.9,-184.59999895095825,-394.29999709129333,6,18,49,False,0.08198216114178436,289.08178693344325,1,DRY,34.55908561010838,-118.51459606962287,2000-06-06,0.5116066762766084
287.0,58.6,2.2,0.29,0.0,1.9,14.0,21.8,21.9,219.0,-1.9,60.999999046325684,-88.60000139474869,2,15,2,False,0.06433991748396066,200.91952308792906,1,BURKE,34.46540792192714,-118.31070234543901,2000-02-25,0.2780768466582398
308.8,21.3,2.5,2.34,0.0,6.9,63.0,9.5,10.3,198.0,-6.9,-208.69999980926514,-574.0000021457672,8,6,100,False,0.03509091706232544,50.371859002021516,1,WEST,34.392994287536375,-118.66440293190774,2000-08-04,0.3050344009794434
309.3,12.3,2.5,3.06,0.0,7.7,85.0,5.7,6.9,260.0,-7.7,-239.00000143051147,-641.0000009536743,7,3,92,False,0.01565671271810485,11.618432728435408,1,LAKE,34.671889790992715,-118.39745544316135,2000-07-19,0.36464037713495906
297.9,23.1,2.3,1.32,0.0,3.4,52.0,12.6,11.8,71.0,-3.4,-113.90000009536743,-487.5000001192093,10,3,29,False,0.06998706093243057,212.72724937567926,1,ORCAS,34.28175911180358,-118.36376549127723,2000-10-22,0.32643994629600365
298.2,35.4,2.3,1.05,0.0,4.0,72.0,9.5,7.2,203.0,-4.0,-176.7999987602234,-568.1999979019165,9,1,113,False,0.31220676621330135,228.61234582234883,0,EATON,34.20078476275709,-118.09260810469993,2024-09-14,0.4820056714060033
285.1,24.6,6.9,0.64,1.7,3.9,48.0,9.3,9.6,338.0,-2.2,-116.09999966621399,-242.69999969005585,3,20,0,False,0.04143232182817422,253.083982371101,0,KING,34.71241940915923,-118.79125750179475,2007-03-27,0.3357189871417568
292.7,21.7,5.2,0.96,0.0,5.5,82.0,5.5,7.0,211.0,-5.5,-179.2000002861023,-283.8999992609024,5,7,34,False,0.1390007560882435,299.71639909875927,0,HAWK,34.54192741744999,-118.22187964984782,2014-05-05,0.2871690942121993
296.3,28.0,3.7,1.0,0.0,5.4,54.0,11.4,11.5,171.0,-5.4,-143.7000002861023,-359.4999997019768,5,9,6,False,0.04604449496216264,261.14339659950235,0,HAROLD,34.30633123147769,-118.61561274739101,2002-05-26,0.45975736066674555
288.8,29.3,2.7,0.7,0.0,2.2,59.0,8.4,11.1,230.0,-2.2,-69.89999979734421,-152.1000000834465,1,10,24,False,0.01988553821398747,305.3653606225714,0,POST,34.72640556701045,-118.83415805217032,2003-01-21,0.26595462372386003
299.9,8.6,2.4,2.08,0.0,3.5,67.0,6.0,11.1,29.0,-3.5,-66.90000033378601,-274.9999997615814,11,5,9,False,0.17970348028950026,343.5457655077837,0,FRANKLIN,34.05158281637538,-118.69778079449596,2005-11-19,0.4893748913866634
290.5,29.8,5.9,0.61,0.0,2.8,66.0,10.9,8.0,338.0,-2.8,-122.19999969005585,-552.3000022172928,11,4,21,False,0.007731295694478146,6.691679612742388,0,DANNY,34.78681988568304,-118.35055798971399,2007-11-11,0.1723877544573223
303.0,12.3,3.0,1.95,0.0,4.2,71.0,6.0,9.6,127.0,-4.2,-104.79999947547913,-145.70000231266022,2,11,16,False,0.05892101760181678,105.57742666339094,0,VICTOR,34.351484653300254,-118.51106399437644,2016-02-16,0.4179041428063661
285.5,44.5,3.5,0.36,0.6,1.7,32.0,13.8,12.8,300.0,-1.1,4.6999993324279785,-172.50000047683716,1,11,8,False,0.011221923454936819,316.96980417625144,0,ROUTE,34.54538795011939,-118.64398283028842,2006-01-27,0.2739083659124115
305.2,20.4,2.3,2.27,0.0,6.8,62.0,7.2,11.4,223.0,-6.8,-115.40000081062317,-240.90000224113464,5,25,13,False,0.10444868889775634,73.21753341361489,0,SAM,34.76591455519796,-118.74168349108531,2003-05-27,0.2691477692245688
295.5,44.8,3.0,0.59,0.0,3.7,36.0,13.2,16.3,22.0,-3.7,3.6999995708465576,-131.00000143051147,4,23,12,False,0.05482104195068708,167.66452222539607,0,QUAIL,34.485407454694624,-118.60295810005408,2011-04-06,0.2713267174818822
296.2,22.6,3.5,1.23,0.0,4.8,53.0,9.7,13.1,7.0,-4.8,-64.99999964237213,69.39999771118164,3,23,20,False,0.0457822337602695,38.30559740724359,0,LOBO,34.154583275246566,-118.65762980238073,2010-03-26,0.39381486433113466
309.9,8.4,2.4,3.5,0.0,7.1,86.0,4.7,7.4,243.0,-7.1,-172.0999984741211,-583.8999972343445,8,8,16,False,0.045578026803356785,273.4485362053108,0,HUGHES,34.7640010614209,-118.79169420431448,2015-08-15,0.2712247215859728
285.6,24.1,5.0,0.61,0.0,2.6,64.0,11.0,8.8,44.0,-2.6,-106.30000042915344,-434.40000009536743,11,3,8,False,0.0253730512615418,83.81217778586372,0,BARREL,34.56135838135113,-118.1391498402622,2023-11-25,0.22707000080147483
287.6,5.8,3.9,1.07,0.0,3.4,94.0,3.8,6.0,116.0,-3.4,-90.5,-214.39999997615814,1,6,35,False,0.060343325133588734,251.4468229684419,0,PYRAMID,34.802942358621195,-118.8579792608233,2014-01-23,0.31255002468648174
282.0,13.4,4.0,0.03,24.4,1.0,36.0,14.5,12.0,239.0,23.4,-98.89999961853027,-213.99999749660492,4,16,0,False,0.1302920678490764,215.02271919135896,0,RIDGE,34.16242693581086,-117.89559634571873,2007-04-20,0.41561743905811693
307.2,30.1,2.1,1.96,0.0,6.6,58.0,10.5,10.6,192.0,-6.6,-180.10000085830688,-520.8000004291534,7,4,71,False,0.042472902438317646,134.71828655147266,0,SYCAMORE,34.00304245997153,-118.04100538306679,2014-07-05,0.38272038785102075
287.8,68.0,4.4,0.22,0.0,2.9,32.0,12.5,17.1,167.0,-2.9,-41.39999866485596,212.30000138282776,4,33,7,False,0.05992139889359455,301.84688974342953,0,CANYON,34.27785479936269,-118.61250985355548,2024-04-12,0.396422118004818
294.2,9.1,2.0,1.35,0.0,2.7,37.0,10.7,18.5,189.0,-2.7,79.60000258684158,48.200001776218414,1,16,6,False,0.05151264575700066,320.33141709733223,0,CUT OFF,33.97411259912022,-117.84953988705608,2019-01-23,0.37963523452157594
280.5,63.2,8.4,0.18,5.8,1.7,26.0,18.1,13.0,218.0,4.1000004,-22.400001287460327,-204.70000076293945,3,10,0,False,0.04800385241985792,57.62127329652862,0,TIERRA,34.556597986522775,-118.14084800739927,2025-03-13,0.22980377570694072
287.6,8.0,2.7,1.17,0.0,2.7,78.0,5.1,8.8,215.0,-2.7,-65.40000033378601,-260.2000015974045,12,9,5,False,0.041273065980868835,249.81711058064556,0,MUNZ,34.66871959267466,-118.39814592505137,2003-12-19,0.3752459510692492
295.6,9.6,5.9,1.49,0.0,5.2,77.0,6.4,8.5,34.0,-5.2,-75.2999997138977,-278.39999985694885,1,8,16,False,0.06066355904709556,64.94440807262961,0,CHESEBORO,34.505275518970016,-118.034464131699,2021-01-16,0.19853457489878545
290.4,57.3,5.2,0.32,0.0,3.5,26.0,18.2,17.6,267.0,-3.5,-81.60000014305115,72.49999487400055,5,28,1,False,0.13696313907848276,260.6285117982255,0,PALISADES,34.09660093364645,-118.56934180745955,2024-05-05,0.5458951834590624
304.6,9.6,2.1,2.43,0.0,5.4,86.0,6.6,6.4,157.0,-5.4,-200.2000002861023,-631.2000012397766,9,8,102,False,0.04346285910338399,299.4740461652417,0,TUMBLEWEED,34.765746943644814,-118.82345821423964,2019-09-12,0.2766316559691912
292.7,45.1,4.9,0.57,20.5,3.1,32.0,17.0,11.5,184.0,17.4,-56.000000953674316,-285.1000003814697,2,7,0,False,0.03132928925186005,239.61838891619334,0,NORTH,34.46947390026023,-118.57950659627625,2014-02-27,0.27469031315404974
300.3,16.3,5.8,1.61,0.0,7.7,68.0,8.1,9.6,257.0,-7.7,-196.20000052452087,-294.3999973535538,5,19,4,False,0.07563406825439672,72.34592512159715,0,PINE,34.431460144370824,-117.66703428657385,2006-05-26,0.23582334412891506
295.1,49.0,3.7,0.72,0.0,4.1,60.0,11.1,8.8,210.0,-4.1,-190.59999895095825,-588.899998664856,9,1,99,False,0.08907676653847607,120.14852754240104,0,TOWSLEY,34.34820049618045,-118.58070462204671,2025-09-10,0.47912550955917205
291.2,36.5,4.4,0.82,0.0,5.1,60.0,11.1,9.4,239.0,-5.1,-153.40000009536743,-378.1000003814697,5,11,2,False,0.0743764651443067,57.98291340321927,0,LIMA,34.66584127084281,-118.32624526693489,2015-05-16,0.2310973815165878
298.4,41.0,2.4,0.84,0.0,5.0,35.0,17.4,14.8,162.0,-5.0,-123.60000014305115,-203.39999914169312,5,28,2,False,0.03162151888295264,231.58016051245843,0,GOLDEN,34.38679754619041,-118.4798014445122,2019-05-12,0.3358386354660347
288.6,38.6,2.3,0.7,0.0,2.6,50.0,11.3,12.2,287.0,-2.6,-48.09999918937683,-123.69999849796295,2,21,2,False,0.14202490409407834,306.33233722816755,0,MIDDLE,33.3729908874329,-118.41354840119013,2013-02-10,0.36700013431037554
301.0,9.0,2.3,1.94,0.0,3.4,56.0,10.4,12.2,141.0,-3.4,-4.7000027894973755,-193.50000262260437,1,3,5,False,0.043993760159167894,328.5209291111491,0,KELLOGG,34.06488489890381,-117.82139718101875,2018-01-14,0.3499127187265473
305.6,22.8,4.0,2.36,0.0,8.2,66.0,6.9,10.3,212.0,-8.2,-190.2999997138977,-365.59999907016754,6,12,50,False,0.023755507357092705,245.5292711050384,0,DULCE,34.515020615479095,-118.32165759404246,2024-06-23,0.2529945105937642
293.5,62.6,3.2,0.38,0.0,2.8,35.0,17.2,13.8,194.0,-2.8,-137.7000014781952,-464.8000009059906,9,2,18,False,0.17576124187106928,233.3381497712001,0,FLORES,34.06517603167449,-118.6269213019121,2017-09-21,0.5398105012640225
293.0,32.3,2.2,0.76,0.0,3.2,30.0,17.9,17.0,146.0,-3.2,-51.80000025033951,-56.20000070333481,3,12,2,False,0.03226533561747441,42.0762671276718,0,VIRGENES,34.148807646320535,-118.69565322901379,2025-03-16,0.28958566689702814
293.4,24.7,2.7,1.16,0.0,2.9,56.0,9.9,11.6,357.0,-2.9,-30.0999995470047,-137.1999990940094,1,11,21,False,0.0866425512708265,326.5582522443164,0,KNOLLS,34.040124336531605,-118.69581886306234,2004-01-23,0.4658388897950308
295.0,34.3,1.3,1.13,0.0,2.0,57.0,10.1,10.6,234.0,-2.0,-75.59999978542328,-334.50000059604645,11,8,3,False,0.21386283903355366,296.7404873892033,0,TUNA,34.04957073472882,-118.59182732426947,2007-11-19,0.5761398220212887
301.0,25.0,2.6,1.53,0.0,6.0,50.0,10.3,13.5,339.0,-6.0,-134.1000006198883,-190.89999920129776,5,25,25,False,0.01810720604716292,75.97677536775252,0,SYCAMORE,34.78426582069027,-118.65987718773134,2006-05-09,0.2626100126367335
308.9,21.0,2.0,2.82,0.0,6.7,44.0,12.3,14.7,124.0,-6.7,-125.29999899864197,-329.8999990224838,6,11,28,False,0.18883347776136486,268.1849828063134,0,PACIFICO,34.058411375553774,-118.65173772094468,2016-06-03,0.5154776210606454
306.9,17.8,3.4,2.86,0.0,7.9,71.0,6.2,9.6,235.0,-7.9,-193.60000014305115,-465.2999999523163,6,7,47,False,0.02406180661939831,177.85428052950934,0,SPRINGS,34.484183165491295,-118.2804928543317,2016-06-22,0.2501063001145476
302.3,35.0,1.7,1.4,0.0,5.6,59.0,10.6,10.1,138.0,-5.6,-172.5,-478.49999952316284,7,1,91,False,0.06011614344902139,256.9289606308638,0,NEWTON,34.07658444816123,-118.81438502253305,2007-07-20,0.5592047527841401
304.6,3.4,2.4,2.65,0.0,4.6,81.0,5.5,8.3,326.0,-4.6,-137.00000023841858,-522.8999984264374,10,1,10,False,0.13198441465551292,328.7507699738398,0,ROCKY 3,34.27327696928667,-118.63020210358013,2013-10-19,0.37064316687400023
290.4,43.4,5.5,0.48,7.7,3.5,26.0,15.7,14.6,270.0,4.2,-38.69999933242798,-176.69999849796295,4,16,0,False,0.11101342737968921,279.5979572127603,0,DALTON,34.16513083512578,-117.83734988177441,2012-04-01,0.5013572412976088
302.3,63.5,2.4,0.5,0.0,4.5,35.0,16.8,14.5,115.0,-4.5,-162.0999984741211,-427.59999561309814,7,7,1,False,0.013410821933785375,166.40130045648252,0,TONNER,33.96527272558521,-117.83556490982501,2015-07-20,0.4315822190190347
296.2,30.3,3.7,0.91,0.0,4.7,51.0,11.0,12.6,256.0,-4.7,-120.49999928474426,-39.999996185302734,4,37,5,False,0.030133728966364102,279.3926442107217,0,VASQUEZ,34.476062805430594,-118.42396533880391,2017-04-12,0.24654662993463275
299.4,17.1,2.6,1.57,0.0,5.8,87.0,6.0,5.6,274.0,-5.8,-216.00000047683716,-539.6999982595444,8,10,70,False,0.055523558654302835,115.77367476689399,0,BOAT,34.82022272334128,-118.87868020119076,2019-08-11,0.30378653398096606
304.3,42.1,2.1,1.23,0.0,5.1,45.0,12.2,13.3,221.0,-5.1,-176.99999904632568,-439.1000018119812,7,5,76,False,0.046336844461258485,318.62055994973366,0,TURNBULL,33.98759399530402,-118.00286836835306,2003-07-18,0.3749919064641638
312.8,8.0,2.6,3.94,0.0,8.1,79.0,5.5,8.4,99.0,-8.1,-225.7000012397766,-587.4000000953674,8,0,120,False,0.05437669841687439,294.3244452225589,0,RYE,34.45596784105227,-118.57614510315616,2018-08-07,0.22500606204213813
308.1,19.5,2.7,2.48,0.0,7.3,56.0,10.0,12.0,198.0,-7.3,-178.2999997138977,-195.39999866485596,5,24,32,False,0.048283467210484106,185.35307359446,0,SOLEDAD,34.45470562212198,-118.3362796098634,2001-05-23,0.25418114247338375
295.7,20.2,1.3,1.08,0.0,2.6,58.0,10.8,11.0,249.0,-2.6,-76.99999952316284,-96.49999845027924,2,10,23,False,0.031111132546513896,63.85513103899,0,RIDGE,34.76904940309053,-118.71768590375966,2015-02-19,0.2926331181139674
295.9,26.8,3.2,1.18,0.0,5.1,44.0,12.6,14.1,307.0,-5.1,-93.49999940395355,188.20000422000885,4,33,3,False,0.1222320304754252,53.1005216652803,0,JOHNSON,34.66781223081457,-118.3588525870843,2019-04-07,0.2943325303108092
301.3,18.2,3.0,1.7,0.0,6.7,70.0,8.1,8.9,206.0,-6.7,-197.10000038146973,-368.1999990940094,6,11,44,False,0.04547873900677812,283.91476755110875,0,CASTAIC,34.538531367910736,-118.60033033827779,2012-06-09,0.18863526448362722
298.8,25.1,3.4,1.15,0.0,5.7,51.0,12.5,12.1,170.0,-5.7,-151.00000101327896,-388.7000007033348,5,6,69,False,0.06934522405794628,153.7868234241579,0,ELSMERE,34.37045196754413,-118.49759968235274,2002-05-25,0.3806266366490905
292.1,20.9,2.4,1.12,4.4,2.4,45.0,7.9,11.3,226.0,2.0,14.09999966621399,-169.0,12,10,0,False,0.15983785583911878,316.77889200352547,0,SAN DIMAS,34.146601086855675,-117.78090688175926,2021-12-22,0.45607293209328054
287.3,57.9,5.5,0.4,30.5,1.9,30.0,18.5,11.5,135.0,28.6,-20.19999861717224,-225.59999895095825,1,3,0,False,0.06292283526984441,306.0073457164642,0,ROCK POOL,34.10187802623221,-118.72131415897697,2018-01-09,0.45769815366995115
288.9,67.4,4.3,0.36,0.0,3.9,55.0,11.5,9.3,215.0,-3.9,-169.69999957084656,-408.29999935626984,5,10,62,False,0.035949220810281006,196.74988196046846,0,EQUESTRIAN,34.474465140382605,-118.60445506610553,2021-05-16,0.26678945092696793
300.7,25.7,5.4,1.53,0.0,7.2,61.0,9.5,10.5,247.0,-7.2,-138.99999940395355,-232.90000224113464,5,25,21,False,0.03669919809535504,65.26942497005,0,WEST,34.7649107858629,-118.5620135410511,2000-05-09,0.25084183731906223
307.3,22.8,2.6,2.33,0.0,7.1,64.0,9.0,10.0,155.0,-7.1,-198.39999914169312,-510.4999985694885,7,2,85,False,0.16183645923926235,328.8214678707402,0,PEAK,34.276193242443036,-118.62748572548439,2022-07-15,0.38006569521778627
297.5,28.7,1.6,1.29,0.0,3.8,36.0,10.6,18.5,358.0,-3.8,83.50000154972076,36.300001084804535,3,24,10,False,0.05905115487670877,39.2818409270185,0,VISTA,34.12492649205803,-118.72842781594754,2000-03-18,0.398333621625891
294.5,12.9,5.2,1.52,0.0,5.2,79.0,5.3,8.2,46.0,-5.2,-101.60000002384186,-73.10000145435333,2,14,26,True,0.06373420707406947,345.6782163881419,0,ACTON,34.48647120584714,-118.2333212287128,2022-02-12,0.24347466571863083
301.8,23.7,4.2,1.7,0.0,7.3,81.0,7.4,6.4,219.0,-7.3,-220.39999961853027,-517.6999987363815,7,9,69,False,0.07946962949742764,137.58335847841286,0,QUAIL,34.7622911915725,-118.76605829645924,2012-07-04,0.2808124430865086
298.2,3.8,4.4,1.73,0.0,5.1,97.0,4.7,5.2,149.0,-5.1,-151.3000009059906,-549.0000004768372,11,0,120,False,0.04645204026932113,26.491623242372096,0,RAYBURN,34.56915445118606,-118.13433483507968,2019-11-09,0.21251490701681414
304.3,18.1,3.9,2.48,0.0,7.1,92.0,5.1,4.9,216.0,-7.1,-265.4999985694885,-634.199998497963,7,6,79,False,0.061441527621558474,140.91315224616773,0,3 POINTS,34.740424788367875,-118.59823625497492,2007-07-10,0.41121757399838077
306.0,24.8,2.1,1.87,0.0,6.2,54.0,11.0,12.1,205.0,-6.2,-181.09999990463257,-489.9000004529953,8,4,81,False,0.07664218825842231,33.94142974630866,0,PALM,34.01614259835538,-117.99882050358659,2011-08-07,0.31362668667443266
292.6,19.8,1.7,1.05,0.0,2.0,48.0,10.7,14.1,64.0,-2.0,-20.300000190734863,-185.79999911785126,12,10,4,True,0.05690183188673283,281.0027918419388,0,CANYON,33.94736088775253,-117.88291194073827,2007-12-15,0.3230226476570368
300.9,15.2,4.8,1.76,0.0,6.7,91.0,6.1,5.1,236.0,-6.7,-241.80000019073486,-768.7000002861023,9,1,110,False,0.01937712826560075,88.37853571349083,0,210TH,34.76034600410546,-118.4990406684103,2006-09-09,0.20901617533813804
316.2,11.5,3.0,4.98,0.0,8.9,48.0,10.8,14.5,307.0,-8.9,-158.19999957084656,-428.7000005245209,7,9,37,False,0.15758338084203366,290.8160622630099,0,TOPANGA,34.054697234716805,-118.58026855721836,2018-07-06,0.5680900579259361
295.0,22.0,2.2,1.14,0.0,2.5,54.0,8.8,12.7,282.0,-2.5,-46.39999997615814,-90.10000097751617,1,10,8,False,0.01912236015850408,228.92053234146204,0,HASLEY,34.46066289012718,-118.64506796891843,2015-01-19,0.2502638776437133
303.0,38.6,2.3,1.18,0.0,5.9,43.0,14.2,13.5,202.0,-5.9,-178.0,-451.4000005722046,7,9,54,False,0.06250448808189361,182.06501155653783,0,COLIMA,33.972293848515,-117.95409890870202,2011-07-11,0.4503068513436138
295.1,49.7,2.5,0.88,0.0,3.3,37.0,12.5,15.5,223.0,-3.3,-122.79999947547913,-381.5999984741211,9,2,109,False,0.08864806760758878,277.75244028262586,0,WAVE,34.031983275862906,-118.70693146678799,2002-09-06,0.4188925672911724
308.5,22.8,2.9,2.34,0.0,7.5,63.0,9.5,10.2,140.0,-7.5,-189.5999994277954,-426.49999928474426,6,14,57,False,0.0689729011399442,87.7329970391551,0,CALGROVE,34.35975588172439,-118.55679760825606,2000-06-14,0.4174537545660969
291.3,24.6,1.3,0.52,0.0,1.4,48.0,13.3,12.8,150.0,-1.4,-33.10000026226044,-279.89999890327454,12,5,7,False,0.0475437580555787,214.64334938720586,0,HILL,33.986917881201336,-118.01900754726792,2008-12-04,0.34230534317984357
309.5,10.9,5.5,3.31,0.0,10.0,96.0,4.5,5.1,238.0,-10.0,-283.9999966621399,-803.4999952316284,8,1,71,False,0.016890636055119056,99.34092802189177,0,NO NAME,34.76066020583202,-118.51257157678718,2000-08-18,0.21869407432272336
298.4,11.0,3.6,1.71,0.0,4.8,84.0,6.6,6.6,250.0,-4.8,-142.1999989748001,-547.6000014543533,10,0,120,False,0.062313494190446524,180.0,0,AIRPORT,34.504595626803564,-118.30922430888984,2019-10-19,0.24460975354476872
305.4,19.5,1.9,2.0,0.0,5.0,61.0,9.9,10.7,200.0,-5.0,-179.90000128746033,-553.8000004291534,9,0,120,False,0.030047833452138482,57.08760075216526,0,TOPANGA,34.13727774120898,-118.58285475690134,2010-09-16,0.43066255898904165
299.1,35.4,2.2,1.01,0.0,4.0,40.0,14.0,14.4,224.0,-4.0,-97.90000033378601,-223.9999989271164,4,12,12,False,0.09133721907096856,37.70053643998759,0,GROVE,34.003791213623714,-117.99371864235091,2012-04-25,0.38179711701749547
290.0,32.0,3.7,0.76,0.0,2.5,31.0,15.1,17.7,319.0,-2.5,43.900001525878906,-103.69999933242798,12,12,2,False,0.13892028391349623,148.3124564329407,0,BANNING,33.43465373858303,-118.49027255224149,2019-12-27,0.39641781751072547
291.7,70.6,1.9,0.28,0.0,4.1,17.0,20.7,21.0,202.0,-4.1,-103.39999961853027,-258.29999911785126,6,15,47,False,0.1591427737539524,267.65066241793085,0,MESA,34.04572041918345,-118.65336801456252,2023-06-20,0.48794748915606523
299.3,26.0,3.4,1.14,0.0,6.1,56.0,11.3,11.1,149.0,-6.1,-177.10000109672546,-434.00000125169754,6,7,22,False,0.057178771654240804,238.30059974358488,0,TICK,34.45403514994791,-118.38854859048595,2002-06-11,0.24652061843456294
296.2,39.7,2.5,0.77,0.0,4.8,43.0,15.4,12.9,163.0,-4.8,-152.00000047683716,-359.09999907016754,5,4,31,False,0.05721645781276026,182.70745706637763,0,MUREAU,34.15091945118483,-118.67394799065478,2022-05-22,0.34075050758413655
286.7,74.6,3.5,0.15,0.0,2.8,25.0,14.8,18.8,160.0,-2.8,-28.700001120567322,334.8000058531761,4,33,8,False,0.009259397101477796,2.788421346126746,0,TOPANGA 2,34.106669217528705,-118.58949282242261,2024-04-12,0.5219581949572532
288.5,58.4,2.8,0.42,15.7,1.5,25.0,17.1,14.1,169.0,14.2,-74.6000007390976,-397.50000417232513,11,5,0,False,0.0653875213749083,125.62030136511213,0,LAKE 2,34.10806334413674,-118.75910283578972,2022-11-07,0.49613738622228376
306.5,27.3,2.7,1.95,0.0,6.7,49.0,11.5,13.3,176.0,-6.7,-162.39999961853027,-390.89999866485596,6,5,51,False,0.03146516263075111,200.97104884227164,0,WOOLSEY,34.11696446537254,-118.80016343862583,2022-06-11,0.4499893656937475
296.8,23.2,3.6,1.48,0.0,3.9,58.0,14.0,9.5,252.0,-3.9,-142.29999995231628,-537.4000012874603,10,1,2,False,0.013905926689309595,283.64382255372,0,CHARLIE,34.518521595986556,-118.55674874258618,2016-10-18,0.3567319838056678
289.4,17.8,5.1,1.0,0.0,3.6,65.0,8.8,9.8,151.0,-3.6,-65.29999870061874,-345.59999972581863,12,5,2,False,0.037588157626807846,227.98743380364368,0,STONE,34.549202283279755,-118.29129930315237,2013-12-01,0.307757637695756
289.2,13.5,5.1,0.9,0.0,4.9,55.0,9.1,12.7,353.0,-4.9,-39.39999747276306,-195.99999856948853,4,12,5,False,0.0320191397646955,59.11037602232782,0,FAIRMONT,34.706322680423995,-118.4036200447058,2012-04-06,0.24895411072500387
302.2,21.6,2.7,1.81,0.0,4.6,71.0,8.3,8.6,166.0,-4.6,-164.90000128746033,-581.3000023365021,10,0,120,False,0.0329133926439846,155.7588536658321,0,SOUTH,34.359190911348875,-118.54904630715106,2016-10-01,0.42505208530805666
283.4,52.4,3.6,0.36,5.7,1.8,32.0,16.5,11.5,208.0,3.8999999,-93.89999997615814,-161.39999747276306,2,11,0,False,0.07251311159007194,161.52980514182616,0,PICO,34.389356861123844,-118.61386834488468,2006-02-19,0.3182055165060813
286.3,74.7,7.7,0.2,40.5,1.3,11.0,21.0,19.4,183.0,39.2,84.90000361204147,-42.79999536275864,1,16,0,False,0.02905999044321946,143.91201303883312,0,HEFFNER,34.43196264194534,-118.22195465811687,2023-01-09,0.3189054690894726
300.3,34.0,1.9,1.19,0.0,4.2,45.0,15.8,12.3,151.0,-4.2,-168.1000006198883,-592.900000333786,9,2,13,False,0.032469355929557214,327.2448071650247,0,COMMERCE,34.431033209301376,-118.62805883648348,2017-09-16,0.2592931141390207
308.5,7.8,2.6,3.1,0.0,6.2,88.0,5.0,6.7,218.0,-6.2,-198.39999961853027,-664.5000033378601,9,1,116,False,0.044449512314841566,237.25861089810576,0,DULCE,34.46855722758806,-118.32404419490717,2008-09-16,0.26296466511334016
288.8,20.7,7.4,1.0,0.0,5.2,65.0,6.7,10.8,30.0,-5.2,-85.99999964237213,30.700002074241638,3,27,14,False,0.02707687271792524,266.5228867555008,0,BRIDGE,34.625156481845174,-118.3128977418072,2008-03-09,0.307300460046992
304.1,9.7,2.4,2.28,0.0,5.5,87.0,5.9,6.5,221.0,-5.5,-190.70000076293945,-627.8000001907349,9,1,112,False,0.04500079537360413,214.09388761348768,0,COPCO,34.720095467512664,-118.79742107104032,2010-09-16,0.3042097251293393
286.3,65.1,7.6,0.37,41.5,1.9,21.0,20.5,14.4,165.0,39.6,66.8999969959259,105.49999368190765,12,14,0,False,0.06995297748697787,181.10690850355476,0,OAK,34.47347245687179,-118.6928217151529,2025-12-25,0.3398220686386792
283.8,25.0,1.5,0.65,0.0,1.4,31.0,11.8,19.6,139.0,-1.4,81.60000467300415,-14.399994671344757,1,20,4,False,0.022529197639579782,268.6052224952199,0,QUAIL,34.773447239935386,-118.76782002763387,2011-01-07,0.2721116594262375
303.1,36.0,2.7,1.35,28.3,4.7,28.0,16.5,14.3,136.0,23.599998,-160.1000018119812,-439.6000026464462,7,5,0,False,0.07278238639282102,288.75224234809207,0,SANTA MARIA,34.123772937868374,-118.59269282590496,2015-07-18,0.4591833692067693
295.1,15.6,3.5,1.39,0.0,4.2,59.0,10.4,10.9,357.0,-4.2,-60.199999928474426,-234.69999933242798,2,12,4,False,0.0501291880269646,36.37461820351416,0,SUN,34.323972339296674,-118.52289717284323,2007-02-15,0.3794790097367331
304.0,25.5,1.9,1.87,0.0,4.3,58.0,10.8,10.4,274.0,-4.3,-178.80000042915344,-553.6000006198883,9,1,6,False,0.046212829549844826,139.96001925431418,0,MUREAU,34.15132625004703,-118.67847296428951,2000-09-04,0.32414613075844645
296.5,37.1,3.2,0.8,0.0,5.0,44.0,13.7,13.7,244.0,-5.0,-125.70000004768372,-310.59999775886536,5,14,16,False,0.051548673132513365,99.09276331351312,0,VANTAGE,33.961278013365266,-117.90696589154696,2016-05-22,0.3202685657299709
289.6,43.0,2.4,0.49,0.0,1.6,18.0,19.4,22.5,108.0,-1.6,265.9999988079071,159.09999924898148,1,29,1,False,0.050380279865501865,73.07522273801959,0,VIEW,33.97847197239646,-117.97650416619294,2011-01-04,0.3967513406254935
299.0,24.8,2.5,1.43,0.0,3.9,49.0,13.3,12.3,322.0,-3.9,-126.29999804496765,-518.1999986171722,10,3,3,False,0.10769678584271675,128.54283779796307,0,WELDON,34.34633600079153,-118.5324822511492,2000-10-14,0.44539226941531906
286.7,43.7,2.4,0.57,0.0,1.7,27.0,16.3,19.0,335.0,-1.7,239.9999874830246,166.69998824596405,12,22,1,False,0.1797428855489508,269.30677634630206,0,RAMBLA,34.05061999162211,-118.64553698119241,2010-12-26,0.5160128012828421
286.5,72.4,1.9,0.15,5.7,0.9,26.0,16.3,13.3,89.0,4.7999997,-15.10000216960907,-74.60000097751617,1,10,0,False,0.11160281976367903,274.4837709772585,0,CREEK,34.30334699188248,-118.35455397386083,2015-01-11,0.3650984893961533
286.8,35.1,4.4,0.54,0.0,2.9,43.0,14.5,13.4,20.0,-2.9,-61.700000166893005,-251.80000066757202,3,17,2,False,0.03456971259899641,150.32050313582369,0,RYE,34.42386883662574,-118.61916073343181,2007-03-01,0.2976382804786541
309.1,15.3,2.6,2.69,0.0,7.6,64.0,8.5,10.5,294.0,-7.6,-198.5,-551.4000010490417,7,6,83,False,0.04281740952737416,222.32203346162134,0,PLACERITA,34.385004760837425,-118.47406947200881,2000-07-18,0.37072881493185855
301.7,17.4,2.5,1.68,0.0,6.2,75.0,7.1,8.4,187.0,-6.2,-154.0999994277954,-366.60000014305115,5,16,25,False,0.09276375004406441,281.21934246278454,0,LAKE,34.553096752482766,-118.59269507739029,2007-05-17,0.3487407626834133
293.4,11.2,6.4,1.36,0.0,5.9,81.0,6.6,7.5,48.0,-5.9,-135.0,-556.1000003814697,10,3,9,True,0.10819022013169043,260.66277956019246,0,GORMAN,34.796971505989816,-118.82739330274133,2005-10-05,0.2795536198112088
284.3,33.1,3.0,0.61,0.0,2.0,29.0,17.0,17.5,203.0,-2.0,52.69999688863754,-87.30000269412994,1,17,2,False,0.03408958927337866,242.29087215848892,0,ESCONDIDO,34.50146307289904,-118.2596515272769,2023-01-07,0.2594540530400267
301.7,22.4,2.1,1.45,0.0,4.7,57.0,13.5,9.9,208.0,-4.7,-182.60000014305115,-554.5999987125397,9,0,120,False,0.06416345090026136,217.13900827121108,0,RODEO,34.12481971086463,-117.75602965808986,2010-09-10,0.35465782687675235
303.6,6.4,4.4,2.73,0.0,6.1,79.0,5.8,8.0,42.0,-6.1,-101.39999985694885,-414.6999989748001,11,4,11,False,0.05599915396851457,191.13101406680315,0,STOKES,34.105341067688116,-118.69347950825059,2008-11-15,0.41870499871625216
303.6,8.8,3.9,2.49,0.0,8.1,91.0,4.9,6.1,238.0,-8.1,-221.30000066757202,-508.1000020503998,5,6,74,False,0.13581705161978816,64.43740710124332,0,JOHNSON,34.67122599620843,-118.35526820681284,2021-05-28,0.2817499239776475
300.4,5.1,4.2,2.18,0.0,5.9,90.0,5.0,6.4,139.0,-5.9,-156.99999976158142,-544.6000008583069,10,2,35,False,0.050524430657233936,266.89902907974715,0,SIERRA,34.507894205248896,-118.22676772916321,2014-10-13,0.236222866395482
291.0,15.7,4.9,1.12,0.0,5.0,67.0,7.6,10.0,354.0,-5.0,-91.09999907016754,88.90000092983246,3,26,22,False,0.1127509848591724,71.9583571030017,0,TOWSLEY,34.35365283479951,-118.55417786131254,2008-03-17,0.4303811547271147
300.7,8.0,2.8,1.94,0.0,6.1,76.0,6.6,8.7,179.0,-6.1,-143.29999947547913,-250.9000004529953,4,7,23,False,0.03874628621745282,304.3688452832608,0,FIVE,34.53736264594087,-118.65088017452574,2014-04-24,0.2899963187518515
292.9,35.9,1.9,0.83,0.0,2.4,45.0,12.1,13.7,186.0,-2.4,-93.50000023841858,-366.7000024318695,11,0,120,False,0.14645002818119185,295.2729642320318,0,TOPANGA,34.054067979693826,-118.57925017867215,2024-11-01,0.566854254538786
298.4,35.2,3.9,1.1,0.0,5.9,68.0,10.8,7.6,243.0,-5.9,-209.40000104904175,-469.60000014305115,5,15,39,False,0.019827405407963215,88.41505876842898,0,NEENACH,34.77646755173711,-118.59334424283087,2004-05-26,0.22417873903768665
289.8,36.0,1.8,0.46,0.0,1.6,39.0,15.3,14.6,242.0,-1.6,4.09999942779541,-140.299999833107,1,14,11,False,0.12040289088515863,59.36988871374016,0,SOUTH,34.67304539014107,-118.3655892691909,2016-01-17,0.29055377125590026
293.8,28.7,1.7,1.02,0.0,2.1,57.0,13.7,9.6,163.0,-2.1,-92.59999930858612,-376.49999964237213,11,1,5,False,0.0631302872929204,72.9645436420515,0,MULHOLLAND,34.09751152315578,-118.80649654599848,2019-11-25,0.5455866417792526
300.3,36.9,2.4,1.06,0.0,5.6,51.0,11.6,12.0,210.0,-5.6,-165.89999914169312,-466.4999990463257,6,8,65,False,0.07012275981527265,33.97737375988492,0,PALMS,34.018038333844046,-117.99531880363578,2004-06-21,0.29889573527088936
303.9,22.4,1.9,1.7,0.0,5.7,37.0,13.4,16.7,189.0,-5.7,-98.2999997138977,109.0000022649765,5,26,9,False,0.13797443533984305,232.4979401794665,0,GAVINA,34.325145419813424,-118.40008246287992,2023-05-13,0.3845599723484099
293.3,34.2,3.5,1.04,0.0,2.8,42.0,12.0,15.1,327.0,-2.8,59.900003373622894,-142.19999676942825,12,9,5,False,0.05556171534260889,356.74669002699363,0,ENCINAL,34.07854792943605,-118.87026635781326,2014-12-21,0.4954931421914186
295.0,9.6,1.9,1.39,0.0,2.9,63.0,7.6,11.5,186.0,-2.9,-43.19999986886978,-193.39999800920486,2,7,9,False,0.045193747201253624,141.83268472329794,0,BARN,34.50959503341886,-118.35391044236995,2021-02-07,0.2948862773751457
302.4,29.3,3.1,1.43,0.0,5.3,42.0,15.4,13.8,161.0,-5.3,-69.50000309944153,-446.600004196167,9,3,5,False,0.07198953179579266,312.4093249353433,0,OLD,34.33790525820499,-118.51118173665341,2023-09-07,0.36857909245290477
289.4,66.2,2.8,0.15,8.3,0.9,13.0,21.7,18.6,223.0,7.4,6.799999415874481,-186.8000004887581,12,12,0,False,0.026545436534668114,61.93200562103763,0,CANYON,33.954277003611566,-117.86307061237483,2012-12-18,0.36777917341337224
301.6,27.7,2.3,1.28,0.0,4.9,31.0,14.7,18.3,143.0,-4.9,41.59999895095825,163.50000602006912,4,33,11,False,0.04335464982529544,40.886572815496514,0,HASLEY,34.4532893302355,-118.64539570839459,2023-04-10,0.24075093519780372
303.3,13.5,3.6,2.37,0.0,6.1,58.0,7.9,13.0,219.0,-6.1,-66.59999918937683,-164.29999792575836,3,17,11,False,0.030566845370295415,175.7744543020826,0,PARKMOR,34.15750059253171,-118.69297960873395,2015-03-13,0.2940203451407809
309.7,12.0,3.3,3.17,0.0,8.0,95.0,4.6,5.1,262.0,-8.0,-245.7000002861023,-711.2000026702881,8,3,97,False,0.1351722344752137,46.869600165084,0,VISTA,34.536128363475015,-118.11935861943832,2012-08-01,0.2226507899037587
304.2,26.6,2.3,1.68,0.0,6.2,45.0,12.0,14.2,211.0,-6.2,-157.1000006198883,-371.70000076293945,6,6,51,False,0.10872048215792374,21.638213984267768,0,TETON,33.99792216352208,-117.99484743635429,2025-06-16,0.3942059080228267
303.9,34.0,2.5,1.48,0.0,5.8,47.0,12.3,13.3,217.0,-5.8,-169.89999961853027,-493.80000019073486,8,1,106,False,0.018736893737957165,131.81807558547462,0,HACIENDA,33.97484398535614,-117.96867952403609,2025-08-10,0.41465853143263304
290.7,16.9,1.8,1.14,0.0,2.0,46.0,11.5,14.4,313.0,-2.0,-9.999999403953552,-126.90000212192535,12,13,4,False,0.2170720646235276,225.3787801965241,0,COYOTE,34.1886477178047,-118.09586995570557,2001-12-25,0.43620869187481487
293.9,17.7,2.6,1.11,0.0,3.0,59.0,8.9,11.6,342.0,-3.0,-68.99999952316284,-144.0,2,17,10,False,0.09270105615788422,245.99704596792463,0,WAGON,34.48960712704997,-118.36566918500279,2013-02-05,0.27503210230077996
296.9,43.8,2.2,0.82,0.0,4.9,44.0,13.1,13.2,226.0,-4.9,-146.2000002861023,-371.40000104904175,6,14,49,False,0.17020318929482264,273.84630837033535,0,RAMBLA,34.0529158108835,-118.64962283217332,2005-06-27,0.5131657543526864
279.3,72.0,6.3,0.09,6.1,1.8,20.0,18.8,15.5,238.0,4.3,-58.09999990463257,-101.09999930858612,4,24,0,False,0.12158721756471583,64.68349622301041,0,LEONA,34.60866643031308,-118.30429300191557,2010-04-21,0.3703091734965933
301.4,21.6,1.7,1.81,0.0,3.8,70.0,8.1,8.6,215.0,-3.8,-145.20000052452087,-513.6000001430511,10,1,7,False,0.04576924846887147,218.31843894962063,0,SKYLINE,34.115643223773155,-118.62185394716339,2002-10-06,0.48268164836900723
291.0,8.4,6.8,1.41,0.0,5.3,83.0,5.2,7.6,35.0,-5.3,-84.39999997615814,-247.6999990940094,12,8,57,False,0.052137154803063884,310.50975223612556,0,MARTINEZ,34.44875187501255,-118.67551808909782,2000-12-26,0.30187762900645776
291.3,14.9,3.3,1.32,0.0,3.4,83.0,4.3,7.7,132.0,-3.4,-102.39999961853027,-213.2999964952469,11,6,19,False,0.11758532425406609,299.1401392329965,0,BROWNS,34.30591092437656,-118.60654384750706,2023-11-13,0.4400528599917072
296.5,45.6,1.3,0.77,0.0,2.7,41.0,15.7,13.0,175.0,-2.7,-122.49999952316284,-436.90000009536743,10,0,120,False,0.1414545329756455,11.38694368075285,0,MEDLEY,34.07228078299522,-118.60523311062117,2020-10-11,0.5521578411043306
285.8,20.0,3.2,0.47,0.5,2.1,54.0,11.0,11.7,180.0,-1.5999999,28.799999475479126,-104.70000290870667,2,10,14,False,0.056466770269215476,354.50682434953717,0,SAGE,34.365941050732786,-118.57331827323473,2001-02-09,0.3619653640330956
293.9,27.7,2.1,1.02,0.0,2.2,58.0,11.0,10.5,89.0,-2.2,-69.49999916553497,-338.2999987602234,12,5,9,False,0.07057305444944988,84.69066463687933,0,OLD,34.132800365537584,-118.6291045400534,2008-12-05,0.4354258298284068
290.9,18.0,2.3,0.98,0.0,4.4,57.0,10.4,11.3,294.0,-4.4,-104.79999947547913,-106.1000006198883,4,21,17,False,0.08606400255864646,268.53931067325766,0,GORMAN,34.7857180197527,-118.82156934296242,2025-04-19,0.26057005766876007
290.0,19.6,2.2,0.91,0.0,2.5,60.0,8.8,11.1,271.0,-2.5,-47.79999923706055,-90.09999889135361,2,19,2,False,0.06740014426665336,181.91495994468514,0,JOHNSON,34.66453669723281,-118.37267466354292,2013-02-05,0.33126141542593107
301.7,21.0,2.6,1.73,0.0,6.4,71.0,7.4,8.8,151.0,-6.4,-163.4000005722046,-464.2000021934509,6,6,18,False,0.0699857973891072,262.3898512982939,0,KAGEL,34.28810363863217,-118.38744910207708,2008-06-11,0.3007880785939969
286.2,10.8,3.5,0.85,0.3,2.8,80.0,6.6,7.2,344.0,-2.5,-103.60000014305115,-456.5000014305115,11,4,28,False,0.05948220947976179,88.4152935652274,0,CEMENT,34.76423438568767,-118.7098893492517,2006-11-11,0.3250981931993207
282.0,46.1,3.7,0.41,0.8,1.7,37.0,8.3,13.2,270.0,-0.90000004,-1.5999980568885803,-110.49999755620956,1,20,7,False,0.21035607351753394,306.7864654255052,0,SESNON,34.30667890746549,-118.55542451649639,2013-01-06,0.35740015798100294
289.2,51.3,4.4,0.4,6.5,2.2,45.0,11.2,8.9,180.0,4.3,-159.30000042915344,-567.4000017642975,10,1,0,False,0.046447820130906245,267.3036464010947,0,NEWHALL ,34.451185444300194,-118.58483842660833,2013-10-09,0.22012528876340162
287.8,37.1,2.3,0.54,0.0,2.6,36.0,14.9,15.6,242.0,-2.6,41.999995946884155,-46.40000259876251,3,19,8,False,0.019400400366349792,86.75893266820458,0,BARNES,34.779022962493514,-118.60614036316669,2003-03-05,0.22011138980506767
306.1,22.4,2.3,2.33,0.0,6.9,65.0,7.3,10.6,209.0,-6.9,-191.39999961853027,-428.2000011205673,7,9,38,False,0.02684420995804094,299.2414485057753,0,OAK,34.46977932736798,-118.6829391811087,2023-07-19,0.3291660610967396
304.9,23.5,2.6,2.16,0.0,6.7,70.0,8.5,8.6,247.0,-6.7,-215.49999952316284,-570.0999984741211,8,5,93,False,0.071489222669021,134.60146974324212,0,CALGROVE,34.35419990457466,-118.54793043263052,2003-08-04,0.4320329436622501
291.1,14.3,4.0,1.07,0.0,3.3,64.0,10.4,9.8,200.0,-3.3,-80.40000009536743,-345.79999935626984,12,5,2,False,0.056571071923817925,185.9415156404229,0,WAYSIDE,34.454772434402926,-118.60260139483275,2003-12-09,0.23121531367863996
295.9,31.5,2.3,1.06,0.0,3.7,45.0,10.6,14.7,263.0,-3.7,-10.09999930858612,72.60000157356262,3,23,8,False,0.06213121999351404,15.560126474598443,0,LIBERTY,34.12259783121502,-118.72227506804903,2011-03-11,0.3870983372827802
286.0,65.3,3.2,0.24,9.2,1.2,37.0,13.7,10.4,167.0,8.0,-77.00000005960464,-143.3999980688095,1,13,0,False,0.026160131704399747,195.99202026127816,0,DALE,34.51684092154996,-118.32463628985106,2009-01-23,0.25795859896512235
290.4,6.4,3.7,1.16,0.0,3.5,73.0,8.7,8.7,52.0,-3.5,-99.50000011920929,-403.2999995946884,11,2,33,True,0.12819222622713222,273.67983727643616,0,GORMAN,34.79104959307562,-118.82647152319771,2009-11-16,0.2675786894958232
301.0,8.5,6.0,2.18,0.0,9.1,68.0,8.3,10.0,19.0,-9.1,-172.9000004529953,-228.4000049829483,6,17,21,False,0.026899442223280137,326.453836967837,0,RIDGE,34.534701456450314,-118.6436388178023,2020-06-08,0.27654093278572
298.4,17.9,2.2,1.45,0.0,3.1,74.0,7.5,8.2,71.0,-3.1,-114.2999997138977,-458.89999628067017,11,1,25,True,0.016985736241872707,78.87704119841243,0,SOLEDAD ,34.43199462892132,-118.39331010294948,2018-11-06,0.2656867069486403
286.0,35.9,2.6,0.53,0.0,1.9,59.0,11.5,9.6,269.0,-1.9,-87.5000011920929,-415.70000076293945,11,8,2,False,0.07661492065964359,157.89641885668422,0,SYCAMORE,34.41627449236493,-117.83195982655775,2011-11-14,0.35172418791098115
303.5,21.3,3.1,1.64,0.0,6.0,60.0,9.8,10.7,121.0,-6.0,-176.69999933242798,-535.5999989509583,8,2,99,False,0.06912261571910586,178.87979265164762,0,WESTLAKE ,34.12889897711747,-118.81528046353394,2002-08-27,0.4029507385174361
304.6,29.2,2.4,1.67,0.0,6.4,56.0,11.7,11.0,203.0,-6.4,-191.90000009536743,-524.8000001907349,7,2,96,False,0.053164267758045385,88.82839209625897,0,CROSSROADS,34.02862374527347,-118.00698384918368,2007-07-25,0.3049713371645238
294.2,23.1,1.7,1.15,0.0,2.0,52.0,9.6,12.9,322.0,-2.0,-5.90000057220459,-257.30000019073486,12,10,6,False,0.04201850640320807,355.6963639309969,0,TOPANGA,34.12698651650849,-118.60019568898468,2012-12-09,0.45235602733233254
292.0,55.7,2.4,0.37,0.0,3.7,36.0,15.2,14.8,206.0,-3.7,-120.90000104904175,-292.4000005722046,5,3,10,False,0.09321826362974137,292.6383824468165,0,NEWELL,34.04838931531398,-118.73940862389726,2022-05-01,0.5089174854957519
281.8,63.7,2.9,0.29,25.1,1.2,21.0,18.6,15.5,150.0,23.9,45.30000019073486,-68.70000153779984,1,20,0,False,0.15111354683857792,65.80382210993899,0,SPRINGS,34.7311707636807,-118.6265123946301,2023-01-04,0.5655593372304292
297.0,14.9,2.9,1.6,0.0,5.8,65.0,9.0,10.0,231.0,-5.8,-143.10000109672546,-185.29999816417694,4,13,19,False,0.01970237410590564,13.216280305777676,0,POPPY,34.71782691726879,-118.39072213229979,2025-04-20,0.2386976265697811
284.6,70.5,3.6,0.11,21.1,1.1,11.0,22.7,19.6,152.0,20.0,186.30000114440918,105.30000185966492,2,18,0,False,0.036182960457434424,100.42577587274457,0,CALGROVE,34.35679964282439,-118.5354251573004,2010-02-06,0.4327215831457568
297.3,10.2,1.9,1.76,0.0,2.9,53.0,12.6,12.2,19.0,-2.9,-91.69999992847443,-347.2999995946884,11,2,33,False,0.02681912801165972,353.248058146605,0,LINCOLN,34.02994903266467,-118.07265735747349,2009-11-16,0.361148426456071
290.1,32.3,1.6,0.72,0.0,2.3,26.0,16.1,19.5,319.0,-2.3,7.399998188018799,-134.90000116825104,3,14,3,False,0.008767305735164778,-0.0,0,MUNZ,34.70896416848978,-118.32848866988803,2000-03-02,0.2001127443623868
296.4,10.3,1.9,1.52,0.0,2.5,68.0,9.0,9.4,231.0,-2.5,-94.19999992847443,-428.89999973773956,11,3,8,False,0.13532205380443585,56.323565867857354,0,JOHNSON,34.67181964428399,-118.35728878407758,2012-11-25,0.2821370737486425
294.6,18.0,2.2,1.2,0.0,2.6,86.0,6.1,6.1,162.0,-2.6,-122.1000006198883,-423.5999994277954,11,1,39,False,0.10115225245371214,358.97934948167403,0,CASTAIC,34.515660762408956,-118.63689556779764,2018-11-20,0.28117223407196756
284.9,68.9,7.0,0.19,8.2,1.2,13.0,22.7,18.0,43.0,7.0,30.80000150203705,-66.00000035762787,1,15,0,False,0.0631452772357363,97.44731778085621,0,REMSEN,34.35563891613213,-118.50715953062267,2019-01-15,0.4181382217044469
308.0,6.7,2.6,3.44,0.0,7.9,87.0,5.2,6.9,236.0,-7.9,-208.9000005722046,-521.6000015735626,7,5,59,False,0.019302384097856083,281.4397553129245,0,FREEWAY,34.550697802067184,-118.66734464994583,2017-07-04,0.3362786440744911
304.4,8.9,2.9,2.4,0.0,6.0,82.0,6.0,7.6,109.0,-6.0,-178.29999923706055,-607.9000000953674,9,0,120,False,0.03946639219118882,314.9569212905893,0,HOPPER,34.53111087374154,-118.64173052512464,2018-09-17,0.2737121255828657
294.7,27.0,3.7,1.1,0.0,3.7,67.0,8.7,9.0,205.0,-3.7,-127.00000071525574,-564.6999995708466,10,2,14,False,0.1527070067714578,64.50587532061614,0,ZEBRA,34.67513903380786,-118.36411163021246,2000-10-24,0.2800666824644551
287.3,36.2,2.9,0.53,0.0,2.5,36.0,16.7,14.9,233.0,-2.5,-50.900001883506775,26.399998605251312,2,23,3,False,0.03651752369083374,232.13432110411367,0,RIDGE,34.519154538792186,-118.63505047758856,2011-02-23,0.26885430365499685
297.0,14.6,2.3,1.38,0.0,3.5,72.0,7.4,8.9,359.0,-3.5,-102.79999959468842,-320.2999986410141,2,6,13,False,0.0410904575216648,193.95578353992877,0,WAYSIDE,34.452419742773074,-118.6021594916934,2014-02-19,0.2408093641390205
287.6,24.7,5.0,0.44,6.0,1.9,39.0,13.4,11.1,257.0,4.1,-67.50000011920929,-328.50000059604645,12,9,0,False,0.05059506943918278,186.6462890144399,0,WAYSIDE,34.44976906830604,-118.60828802105479,2007-12-07,0.24411599534020442
308.8,30.2,2.7,1.93,0.0,7.1,50.0,12.9,12.0,218.0,-7.1,-195.69999885559082,-486.69999718666077,7,10,51,False,0.05860931749812405,202.59919094239385,0,WIND,34.496412829773746,-118.60613699934095,2011-07-08,0.26761033488665975
294.8,32.8,2.5,1.11,0.0,4.1,35.0,10.5,18.5,213.0,-4.1,65.99999964237213,165.3999903202057,3,24,9,False,0.06336248050380328,219.77834955623698,0,SPUNKY,34.58567701786309,-118.31562683038543,2001-03-19,0.4760084258344855
299.3,37.6,3.6,1.02,0.0,5.7,45.0,12.0,13.5,209.0,-5.7,-133.79999947547913,-8.200005412101746,5,20,18,False,0.11207684551973093,53.11150076600884,0,FOUR BAY,34.556885578654146,-118.63346360284397,2023-05-22,0.2611768017217549
288.7,25.8,5.4,0.77,0.0,3.5,63.0,8.8,10.1,129.0,-3.5,-104.90000009536743,62.50000059604645,2,26,10,False,0.16449914838575774,339.1464251828073,0,118 FWY,34.2758918007544,-118.62553268193989,2011-02-09,0.38272582727847093
304.6,34.3,2.3,1.7,0.0,6.0,47.0,11.2,13.8,178.0,-6.0,-161.7999987602234,-472.49999928474426,8,3,72,False,0.1768861885562222,276.70692361078073,0,TUNA,34.04806541202521,-118.59802731026488,2001-08-07,0.571513462610379
305.1,16.1,3.6,2.42,0.0,6.8,92.0,5.0,5.3,242.0,-6.8,-215.50000047683716,-681.4000015258789,9,0,120,False,0.14674576312954304,64.07827789704977,0,PINE ,34.7578442681394,-118.71964505584965,2012-09-06,0.3370055647709321
285.7,51.1,2.9,0.42,0.0,1.5,50.0,11.8,11.2,185.0,-1.5,-68.99999964237213,-177.89999663829803,12,8,1,False,0.049790120389963666,246.02818658323903,0,LAKE,34.523265979009345,-118.6253793039503,2004-12-06,0.19366716602255063
307.1,16.2,1.5,2.41,0.0,4.8,47.0,14.1,13.1,164.0,-4.8,-118.59999895095825,-469.9999990463257,9,4,3,False,0.2334040624345462,282.93924557984207,0,MADRE,34.16629300058204,-117.91837018081512,2015-09-18,0.40063203001579784
300.6,4.5,3.4,2.14,0.0,4.6,74.0,6.8,9.4,187.0,-4.6,-113.2000002861023,-396.6000016927719,11,4,46,False,0.03858382883079178,42.61948982954145,0,MAGIC,34.41307043725899,-118.60431114293188,2015-11-19,0.28623450182679955
308.8,14.2,2.6,2.96,0.0,7.5,90.0,5.7,5.6,247.0,-7.5,-272.0999975204468,-803.3999996185303,7,4,19,False,0.002886502087251924,18.186324975853445,0,MAY,34.785155688717616,-118.240912852927,2001-07-25,0.26142256714060047
283.7,88.2,10.3,0.02,52.5,0.6,16.0,17.2,19.6,151.0,51.9,129.50000250339508,188.00000274181366,2,35,0,False,0.06307953246415246,210.94075288769733,0,CANYON,34.487534804864055,-118.6793056995714,2017-02-17,0.31876967374990123
287.3,13.7,3.4,0.85,0.0,3.8,40.0,8.9,12.6,153.0,-3.8,23.700001001358032,-122.19999921321869,2,11,3,False,0.01644406156229127,80.45104381627064,0,COLTRANE,34.34728567827574,-118.53872629656867,2016-02-03,0.4563542343089623
289.6,32.1,3.5,0.68,0.3,2.5,43.0,17.6,11.7,342.0,-2.2,-54.799999475479126,-259.3999996185303,1,4,1,False,0.05326771459065626,210.48953730492408,0,LOWRIDGE,34.480521004800856,-118.53565366322255,2000-01-26,0.2588296107589312
304.8,27.3,2.4,1.84,0.0,5.9,58.0,11.8,10.2,221.0,-5.9,-195.30000114440918,-565.0000014305115,8,3,39,False,0.055436641259797775,244.4130004643889,0,CANYON,34.124034449491496,-117.75088660806198,2008-08-20,0.35437148385822903
287.1,35.1,4.7,0.55,0.0,3.6,46.0,13.1,13.0,302.0,-3.6,-47.0,-114.69999885559082,4,17,3,False,0.04587806655205575,129.13547804671688,0,BOUQUET,34.46404039854612,-118.47167585025235,2025-04-02,0.2890483886892304
296.7,16.2,1.9,1.38,0.0,3.8,51.0,12.7,12.3,150.0,-3.8,22.399998903274536,-72.50000238418579,3,11,3,False,0.21001012506608804,320.1093283833128,0,SHOOTING,34.16062058075746,-117.92153571771124,2018-03-19,0.3805765085696233
292.2,17.4,4.1,1.07,0.0,3.7,64.0,8.0,10.3,124.0,-3.7,-72.30000019073486,-252.20000064373016,2,14,6,False,0.07208240095511123,306.28004013301563,0,MARPLE,34.53964228056296,-118.65679053451841,2007-02-18,0.3003906040798595
291.9,51.0,2.8,0.45,0.0,2.3,27.0,17.2,13.5,147.0,-2.3,-113.2999997138977,-238.39999914169312,4,20,1,False,0.04480920246729852,310.1818835151174,0,CLARITA,34.335035222121995,-118.51011588788977,2016-04-10,0.36140909791066006
296.8,12.2,6.2,1.49,0.0,6.6,54.0,9.6,12.9,130.0,-6.6,-71.39999961853027,-176.1999944448471,3,14,12,False,0.03388822648532145,283.9910407546495,0,MADISON,34.443694617503766,-118.65843253088909,2016-03-23,0.25939876974723536
296.3,7.0,2.7,1.65,0.0,3.3,91.0,3.7,6.7,339.0,-3.3,-74.79999947547913,-243.2999974489212,1,11,21,False,0.10364405721766409,353.51175562406297,0,GABRIEL,34.2374053279368,-117.8585134219263,2012-01-07,0.34167676677921915
290.4,28.6,2.0,0.83,0.0,1.9,37.0,13.3,16.6,321.0,-1.9,35.89999878406525,-100.10000193119049,1,18,3,False,0.09594053850061521,347.25162845884614,0,VIRGENES,34.109453345023624,-118.72023854760509,2008-01-10,0.42309566393523534
291.4,40.1,2.4,0.52,2.0,1.6,38.0,13.8,10.8,297.0,0.39999998,-72.39999997615814,-243.3999992609024,12,6,0,False,0.08004307475534572,95.07141242882514,0,CANYON,34.14564231319418,-118.60535268986303,2005-12-26,0.42037200205359077
302.4,34.8,1.8,1.35,0.0,5.6,48.0,11.7,13.0,210.0,-5.6,-167.2000002861023,-454.0000002384186,7,6,64,False,0.030394651079115414,105.56990596132006,0,CASTRO,34.085547138163534,-118.78237299324311,2011-07-21,0.604194618878357
306.4,29.6,2.8,1.85,0.0,6.6,49.0,12.1,12.8,187.0,-6.6,-192.0999994277954,-504.29999709129333,7,3,66,False,0.06115070955665279,239.52487257929562,0,OLD TOPANGA,34.117581032142446,-118.63269515466588,2002-07-25,0.46323980649619906
299.2,17.4,6.4,1.74,0.0,6.9,87.0,6.1,5.8,209.0,-6.9,-211.19999980926514,-675.3999991416931,9,2,54,False,0.12553995481087424,3.7030756921928147,0,HILLSIDE,34.57389474941821,-118.21493719611728,2006-09-14,0.2598165721959987
290.3,43.9,3.9,0.55,24.3,3.0,18.0,18.7,17.3,171.0,21.3,21.299997329711914,-102.30000007152557,3,25,0,False,0.09413889187489519,350.9147685597847,0,FIVE MILE,34.53528937239613,-118.66006032415055,2020-03-22,0.307464457522019
296.5,23.9,5.3,1.31,0.0,6.8,78.0,6.2,7.7,215.0,-6.8,-176.7000002861023,-456.900000333786,6,12,51,False,0.07371045657546668,171.56624002791392,0,COPCO,34.748797063563124,-118.7626996280978,2004-06-07,0.3380116038462296
313.9,11.7,2.0,4.02,0.0,7.8,75.0,5.8,9.2,214.0,-7.8,-204.2000012397766,-478.60000109672546,7,8,72,False,0.0587967024455171,253.26443713178577,0,TREE,34.43514569917506,-118.2274271805441,2023-07-15,0.29862779456193334
308.9,13.5,3.1,3.05,0.0,7.5,78.0,7.1,7.8,265.0,-7.5,-192.20000171661377,-682.5000021457672,8,5,14,False,0.07954609947157008,76.90473056974379,0,OASIS,34.43383733890048,-117.66438431239519,2014-08-17,0.22367507948105275
298.0,24.3,5.6,1.34,0.0,6.1,81.0,7.6,6.4,203.0,-6.1,-233.90000104904175,-756.4999995231628,9,1,110,False,0.06746496536124916,49.56619906613135,0,TOVEY,34.55584402856398,-118.15603856455513,2002-09-07,0.2220207161478907
295.0,26.6,4.2,1.43,0.0,4.8,93.0,5.0,4.5,210.0,-4.8,-169.7000002861023,-639.4999985694885,10,0,120,False,0.13213304351015112,40.37013035488178,0,HILLSIDE,34.581389880748524,-118.2247201522275,2020-10-08,0.29248763871885003
312.0,8.5,4.8,3.82,0.0,10.0,96.0,4.3,5.3,241.0,-10.0,-282.800000667572,-817.0000021457672,8,1,88,False,0.05537555550978337,72.12571663678733,0,RIDGE,34.75631525846971,-118.55155140501199,2002-08-16,0.28326924960505534
307.8,3.2,2.9,3.2,0.0,7.9,98.0,4.2,5.3,246.0,-7.9,-245.60000038146973,-702.100001335144,7,2,6,False,0.07983019911946597,72.4778452149554,0,TEJON,34.44913641270096,-117.70084565455286,2013-07-17,0.18541446061491673
292.8,28.7,2.2,0.52,0.0,2.3,48.0,14.6,11.8,347.0,-2.3,-66.20000219345093,-432.9000015258789,10,7,7,False,0.08208207853527169,121.72194412352492,0,ALISO,34.458973511357705,-118.17273223583767,2005-10-25,0.24955861095203308
308.7,21.9,3.1,2.51,0.0,6.3,75.0,7.6,7.6,169.0,-6.3,-221.0000011920929,-627.9999990463257,8,0,120,False,0.05779613565281859,197.22733076324326,0,MESA,34.4980566030818,-118.60466707012208,2021-08-11,0.2679882495804125
293.9,19.2,3.9,1.19,0.0,5.9,80.0,6.5,7.3,328.0,-5.9,-178.50000023841858,-310.9000005722046,5,13,24,False,0.03552991418500514,339.9824676515901,0,BOUQUET,34.60506986381415,-118.27016015359379,2004-05-11,0.2862932256280613
307.2,12.3,3.8,2.88,0.0,8.7,88.0,5.1,6.4,217.0,-8.7,-243.39999961853027,-549.9999994039536,6,15,61,False,0.13131063014158642,109.95939972532524,0,VINCENT,34.507284206129654,-118.0987240264434,2001-06-21,0.21545349369988548
293.3,64.9,5.0,0.5,5.1,3.7,41.0,11.7,9.6,197.0,1.3999999,71.29999017715454,-374.5000126361847,9,5,0,False,0.03268538354654326,157.30166145705329,0,HIGHWAY,34.75355328615054,-118.60245167182394,2023-09-02,0.33081072824927926
303.7,21.9,3.8,1.93,0.0,7.6,79.0,6.8,7.3,191.0,-7.6,-206.19999980926514,-500.5999987125397,6,10,56,False,0.06471240311242195,15.75184332167018,0,AGUA,34.462727642860656,-118.34106718937109,2007-06-17,0.2572679291483186
292.2,49.6,3.5,0.61,0.0,2.9,57.0,12.5,9.1,197.0,-2.9,-146.30000066757202,-565.4000008106232,10,0,120,False,0.033011122655661015,128.94145252521074,0,GLADDING,34.412823311130786,-118.51800426673547,2024-10-16,0.2262122017696319
296.5,26.5,2.9,1.07,0.0,4.1,35.0,12.8,17.4,277.0,-4.1,-9.800000965595245,223.9999961256981,3,36,5,False,0.1686345338270199,257.8625253453049,0,OLIVEVIEW,34.33295002976837,-118.43659902780962,2019-03-26,0.43512520191946935
296.7,16.2,4.7,1.7,0.0,4.7,42.0,12.0,15.4,52.0,-4.7,10.70000147819519,-128.0999983549118,1,10,4,True,0.015761402486303176,316.69324784914033,0,MARTINEZ,34.43654312132348,-118.70326643243857,2006-01-06,0.3020590778951526
289.1,44.0,4.0,0.69,0.0,3.2,45.0,13.8,12.5,275.0,-3.2,43.900004625320435,-11.599995851516724,2,19,1,False,0.0712374740593288,101.44962852349083,0,MULHOLLAND,34.08529250877715,-118.91209624147923,2003-02-26,0.5012563941548183
293.8,36.0,1.6,0.95,0.0,2.5,39.0,12.0,16.3,296.0,-2.5,-33.7999986410141,-289.1999977827072,11,7,5,False,0.06652083219707688,214.19701470416496,0,CASTLE ROCK,33.37618256549355,-118.39593132514861,2000-11-04,0.37525419973936747
302.8,33.4,4.5,1.58,0.0,6.4,75.0,8.0,7.1,180.0,-6.4,-212.50000047683716,-633.8000016212463,8,3,101,False,0.09129234714255899,226.49552105417197,0,ESCONDIDO,34.48678984943178,-118.2864318347576,2025-08-26,0.2530195103169118
303.8,28.5,2.0,1.58,0.0,4.4,48.0,12.8,12.9,224.0,-4.4,-142.60000014305115,-509.99999833106995,9,0,120,False,0.02635941504619734,228.7558099870877,0,VANTAGE POINTE,33.95615322582097,-117.89724824921988,2018-09-26,0.3082205712141264
290.9,38.1,4.6,0.71,0.0,4.9,64.0,9.5,9.1,270.0,-4.9,-171.2999997138977,-406.3999991416931,5,10,19,False,0.06768359543936697,82.58192985390215,0,OASIS,34.43551080845124,-117.66974742579336,2016-05-25,0.2234681080440707
293.8,20.1,7.2,1.17,0.0,6.0,46.0,12.3,14.1,17.0,-6.0,-109.3000009059906,76.00000357627869,3,37,6,False,0.058316966784533776,261.37627845190053,0,WAGON,34.490926229728174,-118.34957531017834,2017-03-28,0.2702972511305515
309.9,10.4,5.1,3.53,0.0,10.0,97.0,4.4,4.9,244.0,-10.0,-268.8999991416931,-756.6999986171722,8,1,72,False,0.02279111098235779,62.79715671804484,0,RANGE,34.76925673186123,-118.55947785172161,2008-08-03,0.23859291074249603
301.9,8.0,3.0,1.94,0.0,6.2,60.0,8.8,12.0,172.0,-6.2,-76.10000133514404,-239.50000131130219,4,13,18,False,0.004478882554483569,11.603872168723024,0,LIGHTNING,34.7784502979796,-118.34192799110042,2018-04-09,0.17130632616381264
291.0,48.5,1.1,0.59,0.0,1.4,40.0,14.5,13.6,279.0,-1.4,-50.49999964237213,-143.69999861717224,1,7,13,False,0.13768902843276146,146.2096272088979,0,BANNING,33.433100082360355,-118.49688262280519,2010-01-12,0.3979119537343734
312.6,10.0,3.9,3.86,0.0,9.4,96.0,3.7,5.3,223.0,-9.4,-254.29999780654907,-740.6999969482422,7,3,13,False,0.0064008048883695415,99.8575444570875,0,EAST,34.70132476671926,-117.97365221933671,2008-07-26,0.15911095841724918
289.9,7.2,8.7,0.84,6.4,4.3,45.0,9.7,10.9,207.0,2.1,-76.59999966621399,-227.99999952316284,2,7,0,False,0.008000585960029541,127.97953983846462,0,RIVERBED,34.570811543559934,-117.87072330990533,2004-02-18,0.1187544461778471
308.3,22.0,5.4,2.59,0.0,8.6,88.0,6.7,5.2,225.0,-8.6,-259.2999997138977,-757.0999965667725,8,1,10,False,0.05358128262559115,346.38526098099214,0,PARK,34.740396799096644,-118.37362024332595,2020-08-25,0.20834055921962003
285.4,46.1,1.6,0.44,0.0,1.9,26.0,19.7,17.7,232.0,-1.9,18.600001454353333,-69.1999984383583,2,13,3,False,0.00961787154580213,62.85565178586236,0,CHARLIE,34.79079407826121,-118.45100115446718,2001-02-16,0.17905685933766466
285.6,4.4,2.8,0.78,0.0,2.3,85.0,5.6,7.4,44.0,-2.3,-81.79999947547913,-374.0,12,0,120,False,0.0035545321526781032,337.6553534547836,0,INDIA,34.70634809012305,-118.27534218433469,2024-12-11,0.23832523646847403
292.7,7.6,2.9,1.41,0.0,4.4,75.0,6.8,9.0,13.0,-4.4,-99.70000004768372,-95.40000033378601,3,14,9,False,0.07429387595751479,255.95239500911708,0,HUGHES,34.48187997058012,-118.24679073310668,2022-03-12,0.2459242328502036
311.8,7.5,4.1,4.02,0.0,9.4,94.0,4.8,5.4,234.0,-9.4,-262.80000257492065,-694.4000016450882,8,7,81,False,0.013125727274105187,33.30461399520293,0,NEENACH,34.79082073566985,-118.55161810800264,2019-08-15,0.20732615925428544
287.1,43.0,7.2,0.41,0.9,2.3,50.0,10.6,8.0,235.0,-1.4,-118.89999949932098,-513.1999992132187,11,2,65,False,0.058971388985078706,72.70894070821379,0,LANCASTER,34.67691614981118,-118.33928286266108,2012-11-09,0.23562495804126765
309.1,12.6,3.1,2.87,0.0,7.6,78.0,6.2,8.2,193.0,-7.6,-219.59999990463257,-632.4000005722046,8,1,88,False,0.006321736079856653,58.76534587970158,0,EMMA,34.46497064959169,-118.33010163847868,2002-08-16,0.2632548894154818
305.0,18.7,2.9,2.03,0.0,6.7,54.0,9.9,12.5,233.0,-6.7,-133.5999984741211,-298.6999988555908,5,14,17,False,0.004878762320770305,132.38509793907505,0,EAST,34.73622579327913,-118.00302353482418,2006-05-01,0.24055220756654302
286.2,27.7,8.4,0.45,1.5,3.0,32.0,12.6,13.9,347.0,-1.5,-105.69999992847443,-199.69999939203262,3,16,0,False,0.006326430266641139,121.30468555518088,0,PERKINS,34.69395948584442,-118.03591467216015,2009-03-22,0.2432545871016153
308.8,8.3,4.3,3.34,0.0,9.4,98.0,4.2,4.8,222.0,-9.4,-274.19999980926514,-763.7000012397766,7,2,14,False,0.051147377601166284,129.1942193883461,0,NORTH,34.6915643701496,-117.7982754733997,2002-07-27,0.10996100436422516
307.8,1.8,3.2,3.14,0.0,8.2,94.0,4.0,6.3,131.0,-8.2,-205.39999961853027,-409.4000018835068,5,6,44,False,0.07068926795743376,72.90898590206525,0,PEAR,34.51957407562497,-118.1009110908493,2014-05-15,0.21038155176839987
285.4,26.2,3.2,0.11,31.5,1.0,18.0,18.2,18.0,64.0,30.5,-27.700000166893005,58.499996304512024,2,21,0,False,0.006045056911264107,355.72661528259385,0,LANCASTER,34.718953500729306,-118.27590411802821,2005-02-11,0.26951643070118264
288.7,20.9,3.7,0.82,0.0,4.3,59.0,9.2,11.3,58.0,-4.3,-108.09999942779541,-138.90000277757645,4,17,13,False,0.09930507917985089,224.31062957717816,0,SIERRA,34.504369905016006,-118.21924364664946,2009-04-04,0.23054469152381715
309.2,28.1,2.3,2.25,0.0,6.6,52.0,10.3,12.6,161.0,-6.6,-183.39999914169312,-405.4999989271164,7,7,50,False,0.0819669800090039,220.84127967730234,0,ENCINAL,34.09450482548726,-118.83895629015278,2023-07-26,0.5269277364191074
295.7,51.6,2.4,0.69,1.5,4.3,25.0,16.6,14.6,228.0,-2.8000002,-103.99999976158142,69.7000048160553,5,27,0,False,0.017413678286961082,178.5177290862078,0,LAS VIRGENES,34.10197683405359,-118.71348426918324,2005-05-07,0.4389583076619274
290.6,22.9,6.5,1.03,0.0,4.1,67.0,7.8,9.2,328.0,-4.1,-64.90000009536743,-272.69999957084656,12,6,6,False,0.06696049085721431,288.4641113139163,0,FOOSE,34.06715782047875,-118.89069829585146,2006-12-22,0.48065499417329965
305.5,36.4,3.0,1.55,0.0,6.2,50.0,12.1,11.9,104.0,-6.2,-188.99999904632568,-484.9999990463257,7,5,49,False,0.10452509832933797,190.42794334235396,0,COLINA,34.08844883992992,-118.59612324942074,2018-07-18,0.5606721209487884
294.8,25.6,2.8,1.19,0.0,4.5,63.0,8.0,10.3,295.0,-4.5,-109.0,110.39999520778656,3,28,10,False,0.0976149028079838,248.77127932440942,0,PIUMA,34.068121833619834,-118.67244326016245,2008-03-27,0.5133103271923068
299.0,37.7,2.0,1.03,0.0,4.2,41.0,12.7,15.1,131.0,-4.2,-115.89999985694885,-402.5000002384186,9,0,120,False,0.10673902688934202,301.97901354580097,0,MALIBU BEACH,34.03364382602854,-118.74004026842753,2016-09-18,0.4563276209910291
301.6,8.1,3.9,2.34,0.0,6.6,93.0,4.8,5.5,209.0,-6.6,-207.90000009536743,-699.4000015258789,9,0,120,False,0.11249112253864026,13.429607879005285,0,CROWN,34.575564725974864,-118.2300976858463,2018-09-16,0.31883147789673283
282.8,33.2,4.1,0.37,0.0,1.7,45.0,16.4,11.8,46.0,-1.7,-81.40000021457672,-307.3000000715256,12,9,1,False,0.01579572416358083,43.1895193455198,0,NEENACH,34.77696972175494,-118.54363051989466,2005-12-03,0.21972568472186557
288.2,35.8,2.7,0.55,0.0,1.8,42.0,14.5,13.5,266.0,-1.8,-41.29999852180481,-325.99999928474426,11,8,5,False,0.02708069686317747,74.74206347062368,0,LANCASTER,34.746687996770696,-118.49864667515827,2011-11-25,0.21777981433932445
303.5,25.5,3.3,1.68,0.0,6.9,68.0,8.6,9.0,156.0,-6.9,-192.2000002861023,-485.89999890327454,6,8,58,False,0.02719512612979048,319.76064210160484,0,HASKELL,34.45759843652559,-118.5068964266392,2007-06-17,0.28735204367743467
286.4,62.3,4.4,0.32,2.2,1.8,11.0,18.9,21.3,217.0,0.4000001,137.3000010251999,234.10000240802765,2,37,0,False,0.04794374830193278,152.58873358945414,0,NEWHALL,34.35804803950065,-118.551433096985,2017-02-18,0.42540191168338726
290.1,41.6,3.2,0.78,0.0,2.3,54.0,11.1,10.6,286.0,-2.3,-61.80000030994415,-182.3999983072281,12,7,46,False,0.1852773901369972,39.747940276292034,0,ECHO LAKE,33.40576191576746,-118.39328554897787,2005-12-27,0.40949096872949947
296.5,28.9,2.5,1.1,0.0,3.6,59.0,9.7,10.6,213.0,-3.6,-95.29999959468842,-151.0000011920929,3,16,13,False,0.015788513370339062,121.13981780742687,0,MUREAU,34.15124007128274,-118.66345932967496,2020-03-06,0.37537754981141763
300.4,18.4,3.5,1.79,0.0,5.4,51.0,8.6,13.9,36.0,-5.4,84.799999833107,18.0,3,17,14,False,0.143259847969548,269.12764060441987,0,TAMPA,34.30101059195904,-118.55904044961494,2004-03-16,0.33762495852752966
294.2,14.1,4.2,1.46,0.0,4.1,55.0,7.5,13.7,22.0,-4.1,45.2999986410141,-87.19999945163727,1,18,7,False,0.07908910216242754,176.08102089520105,0,LOST,34.12860856127709,-118.6973103490771,2008-01-14,0.33247568768389246
296.0,6.5,7.2,1.76,0.0,6.7,79.0,4.9,8.9,39.0,-6.7,-92.8999992609024,59.699995040893555,2,14,23,False,0.03509879308114868,23.443678551441984,0,OAK,34.37879712616097,-118.58966767454747,2022-02-09,0.31206418668036007
298.6,38.9,2.5,0.95,0.0,5.1,53.0,10.7,11.6,212.0,-5.1,-151.29999899864197,-367.1999976634979,5,9,9,False,0.07535624577305113,238.7374936030665,0,COLIMA,33.970196249250606,-117.99057093314408,2013-05-16,0.40803004917352953
291.3,23.2,1.9,0.83,0.0,2.0,63.0,10.7,9.6,357.0,-2.0,-91.5999995470047,-393.6999989748001,11,5,2,False,0.05884593938172592,146.0274174299386,0,QUAIL,34.76502464764248,-118.77380392576964,2007-11-17,0.2745289745109662
296.5,19.0,3.3,1.21,0.0,5.3,48.0,13.5,12.8,342.0,-5.3,-95.60000038146973,-334.0999985933304,4,12,2,False,0.021747493349199863,348.0459291466131,0,CALGROVE,34.34010931259759,-118.52251944858165,2022-04-23,0.39549341245236064
303.4,29.1,2.4,1.4,0.0,5.9,49.0,13.3,12.7,197.0,-5.9,-177.89999961853027,-385.2000014781952,6,7,55,False,0.06385720326518013,168.60845030249567,0,QUEENS,34.15570055077617,-118.68341129123739,2012-06-20,0.31456466220352713
291.2,52.8,3.1,0.41,0.0,2.5,41.0,15.2,12.6,205.0,-2.5,-134.10000014305115,-401.6000015735626,10,4,29,False,0.03185659749626801,185.68041412267073,0,RIVER,34.49620126149229,-118.61243924082208,2023-10-01,0.2630594562040912
296.0,27.4,2.0,1.02,0.0,2.9,40.0,12.5,15.6,91.0,-2.9,72.40000021457672,-95.29999935626984,2,9,5,False,0.07130423309551293,93.50085750162673,0,OLIVE,34.14318784429009,-118.60991225555975,2025-02-18,0.4198161118350904
298.9,10.7,1.6,1.79,0.0,2.5,71.0,7.2,9.5,44.0,-2.5,-108.9999988079071,-491.30000042915344,11,2,9,False,0.013182469789380506,73.09172565208473,0,GRAVE,34.6722291226859,-118.26210594078857,2008-11-18,0.19482260581043984
293.5,57.8,3.2,0.43,0.0,4.1,39.0,13.8,14.1,279.0,-4.1,-124.3999993801117,-315.199999332428,5,10,26,False,0.17196418565413385,232.77923916965142,0,PV,33.75214886664464,-118.35929283294124,2015-05-03,0.4717871772465305
306.8,7.2,2.4,2.93,0.0,5.2,86.0,5.8,7.0,50.0,-5.2,-163.89999914169312,-711.4999978542328,10,5,26,True,0.003279976870613429,33.321313411889065,0,G,34.738400847462536,-118.28009937708946,2022-10-07,0.25951917662158164
286.8,65.6,4.3,0.16,5.7,1.1,5.0,23.1,23.1,192.0,4.6,193.69999945163727,134.19999986886978,1,22,0,False,0.05212479157908482,57.875373603336655,0,DIAMOND,34.02329646925195,-117.7754145370243,2023-01-16,0.3222374118762218
280.2,50.0,4.6,0.23,0.0,1.4,55.0,11.9,9.6,265.0,-1.4,-75.39999961853027,-392.4000012874603,11,9,8,False,0.051030328031789585,358.48255372227874,0,STATE PARK,34.793950612977476,-118.86940197006261,2015-11-10,0.28510718898741927
311.5,8.3,4.3,3.61,0.0,10.0,95.0,4.5,5.4,223.0,-10.0,-242.39999914169312,-579.8000000715256,6,2,83,False,0.0033185824159330515,7.801169976670996,0,VALLEY,34.71222241269526,-118.23614847143644,2021-06-01,0.18224933651909478
292.5,19.8,5.1,1.24,0.0,4.1,59.0,11.9,10.2,29.0,-4.1,-108.89999908208847,-502.2999982237816,11,4,4,False,0.1305536928242093,45.86195643197033,0,HILLSIDE,34.66838315364194,-118.35684158108417,2016-11-02,0.2903728179304896
310.1,13.8,4.6,3.24,0.0,9.6,93.0,4.6,5.5,225.0,-9.6,-271.10000133514404,-638.8000018596649,7,11,42,False,0.005499403771949273,4.698301349943636,0,GOLF,34.729463985623,-118.2851243913796,2006-07-03,0.30048009517979507
292.9,44.4,2.2,0.73,0.0,2.5,34.0,17.3,15.1,205.0,-2.5,-24.200000762939453,-415.80000019073486,10,4,4,False,0.08925302670328007,30.982955327437402,0,SLOAN,34.49708296776038,-118.64067267104554,2004-10-24,0.31901490916271713
290.0,14.2,5.1,1.04,0.0,4.0,72.0,7.1,9.0,134.0,-4.0,-80.80000007152557,-208.80000042915344,2,8,11,False,0.052392345934407815,336.70337686972766,0,CANYON,34.53772986113091,-118.65717946515187,2012-02-03,0.3011942910742496
289.9,61.1,2.3,0.4,1.7,2.0,6.0,22.1,21.7,212.0,-0.29999995,92.39999985694885,354.00000286102295,2,38,0,False,0.09688024353747716,337.8758774913769,0,MT ST MARYS,34.09040880565557,-118.47982484660133,2017-02-21,0.500495806018482
288.9,36.8,4.5,0.5,0.0,2.6,52.0,15.8,9.9,260.0,-2.6,-61.49999952316284,-195.29999887943268,2,12,1,False,0.19995311841332228,296.8615424935747,0,TERREBONNE,34.14203711069126,-117.78368612508773,2012-02-14,0.43043773990995976
288.6,46.6,6.1,0.4,0.0,3.2,32.0,16.7,16.0,261.0,-3.2,-6.3000006675720215,41.60000479221344,4,19,2,False,0.09647399337655894,235.26221128388755,0,MARSHALL,34.147263978042446,-117.74447847447004,2025-04-01,0.4752799490481083
298.5,18.4,2.1,1.4,0.0,4.3,71.0,6.5,9.5,256.0,-4.3,-127.09999966621399,3.1000055074691772,3,25,30,False,0.021178164929377775,88.52748161372125,0,EE RANCH,34.137691093245145,-118.58547206318305,2008-03-25,0.4290806241975308
297.9,30.6,2.5,1.37,0.0,4.1,45.0,11.8,14.2,325.0,-4.1,74.29999899864197,-9.399998962879181,3,20,5,False,0.035186027144850605,37.915201959527245,0,ROMDELL,34.14839165125261,-118.69436321793653,2003-03-10,0.2919147600237014
290.8,45.7,4.2,0.4,25.2,2.1,14.0,19.6,19.8,235.0,23.1,65.6999990940094,573.7999996542931,3,34,0,False,0.0389335836025416,133.20641161011125,0,PARK,34.09967686821157,-118.71555429112185,2005-03-22,0.455601107776154
305.7,15.7,2.3,2.44,0.0,5.5,83.0,6.3,6.8,213.0,-5.5,-185.7999987602234,-592.0999989509583,9,0,120,False,0.14260594773436844,286.20958001830877,0,SESNON,34.30767748377851,-118.60457580841481,2013-09-17,0.4325263814827981
305.2,26.6,2.4,1.87,0.0,6.4,50.0,12.7,12.8,179.0,-6.4,-198.5999994277954,-492.19999861717224,7,5,70,False,0.01885722062174422,78.34575534336149,0,LOST,34.130621188237406,-118.71480807516,2016-07-15,0.3471731703463801
304.9,21.4,2.7,2.18,0.0,7.0,64.0,8.5,10.3,224.0,-7.0,-182.20000076293945,-457.7000024318695,6,4,67,False,0.0569760001473236,35.80593269139872,0,STORRS,34.04354446854801,-117.78268829039791,2007-06-26,0.3032932628876161
311.7,9.2,3.3,4.26,0.0,9.0,98.0,3.9,4.9,238.0,-9.0,-292.5999994277954,-728.3999996185303,7,2,82,False,0.011722357997967024,62.10567510392749,0,D,34.77901616784675,-118.47513106975865,2009-07-22,0.19821656791878967
287.1,64.1,4.6,0.26,0.0,3.1,40.0,15.7,12.7,229.0,-3.1,-129.0,-225.4999977350235,4,13,42,False,0.05991977991705184,271.03996140130494,0,KANAN,34.06605592524745,-118.80312690692666,2021-04-26,0.5671921893514495
294.6,29.0,3.3,0.99,0.0,4.7,39.0,15.8,14.7,30.0,-4.7,-96.09999966621399,152.3000067472458,4,25,1,False,0.07905608752497939,277.50762174190356,0,TOPANGA,34.04790967827426,-118.5804807900372,2010-04-06,0.5710243073502014
299.3,37.7,2.2,1.07,0.0,5.3,47.0,12.9,12.7,226.0,-5.3,-158.5999994277954,-415.9999988079071,6,12,49,False,0.027086842573507207,239.85449218079623,0,TRIUNFO,34.12105205344393,-118.79060948342176,2005-06-27,0.42742472205217336
293.5,37.8,2.4,0.79,0.0,3.7,31.0,16.8,17.2,279.0,-3.7,30.000004053115845,-16.69999396800995,3,27,1,False,0.10442327235661798,97.18360861434668,0,WESTLAKE,34.11609576780894,-118.85407014517104,2011-03-28,0.5049080902825775
289.4,55.2,2.1,0.5,1.5,2.1,15.0,15.2,20.9,262.0,-0.5999999,227.3999923467636,770.3999855518341,2,30,0,False,0.0834367522351782,338.794549090642,0,MULHOLLAND,34.09747704688876,-118.86284559291538,2005-02-28,0.5339190322899181
301.8,25.5,3.1,1.3,0.0,6.4,60.0,10.1,10.6,198.0,-6.4,-174.80000042915344,-254.10000491142273,6,18,20,False,0.09860928537045534,236.71488899608897,0,BUCKWEED,34.50918252011029,-118.44010144290156,2003-06-03,0.344060563213397
294.9,36.3,3.0,0.97,0.0,4.3,36.0,13.3,16.6,337.0,-4.3,-8.600000977516174,150.19999742507935,3,27,8,False,0.15421350588137922,66.94074843932847,0,ISLAND,33.35980397443656,-118.36458143103069,2024-03-14,0.39530386468659884
298.9,20.6,2.8,1.58,0.0,4.6,44.0,10.2,16.0,324.0,-4.6,99.80000245571136,63.100003480911255,3,21,7,False,0.12207207207207207,270.0,0,CORRAL,34.0555198260137,-118.74804047955308,2004-03-09,0.5575581628623332
297.5,14.0,1.7,1.62,0.0,2.5,73.0,5.1,9.7,297.0,-2.5,-99.40000009536743,-333.90000092983246,11,5,14,False,0.04586238813852724,136.56550274095895,0,MAGIC,34.40507227103999,-118.61964058272517,2005-11-24,0.3011583344852783
307.5,14.9,3.6,2.74,0.0,7.5,87.0,6.5,6.0,231.0,-7.5,-216.4000005722046,-635.4000012874603,8,10,85,False,0.05922090834204116,311.80525674560795,0,GORMAN,34.75887112001486,-118.81255466251673,2019-08-26,0.2647103866355991
302.0,14.9,2.3,2.09,0.0,6.1,89.0,5.6,5.7,203.0,-6.1,-214.90000009536743,-637.2000029087067,8,3,60,False,0.12940000685266306,59.29685317803003,0,NORTH,34.41695424947728,-118.24963871316815,2002-08-20,0.44173347945421865
295.7,26.2,3.3,1.06,0.0,4.9,54.0,9.1,12.4,193.0,-4.9,-91.8999993801117,-197.69999837875366,4,15,27,False,0.07597174748743564,14.770912848407137,0,GRIFFITH PARK,34.127002178534774,-118.28848994522599,2018-04-18,0.4425572294748484
286.5,48.3,3.6,0.43,1.1,1.7,20.0,16.0,17.3,186.0,-0.6,82.9999994635582,-52.60000067949295,1,17,0,False,0.04111832975976581,254.5876574873281,0,CANYON,34.47080173746864,-118.33044922462231,2023-01-08,0.26614738473689414
292.9,37.6,8.1,0.73,0.0,5.1,47.0,11.9,13.1,242.0,-5.1,-141.69999980926514,-200.19999980926514,4,19,16,False,0.0044106309462691754,5.861743421167703,0,WEST,34.782721430867,-118.31718917643659,2011-04-24,0.17744099956557788
297.9,36.5,2.5,1.04,0.0,5.4,50.0,13.2,11.8,192.0,-5.4,-158.90000009536743,-452.30000162124634,6,11,56,False,0.08610930244800524,137.15251551849084,0,BARHAM,34.140822845374636,-118.3327848754438,2004-06-12,0.3955398234632015
298.0,29.2,2.6,1.28,0.0,5.8,57.0,10.9,10.9,351.0,-5.8,-163.80000162124634,-121.10000318288803,5,24,30,False,0.09724273910319367,84.82816104615394,0,FAIRMONT,34.69438365616206,-118.42268544895471,2000-05-18,0.34874360903740564
312.6,7.4,3.6,3.94,0.0,9.5,82.0,5.6,7.9,189.0,-9.5,-226.2000012397766,-563.1000008583069,7,4,100,False,0.07296632563609258,55.81583112925324,0,EMMA,34.50614606154251,-118.06329599166094,2011-07-03,0.2136111945015009
301.2,18.3,2.9,1.88,0.0,4.7,57.0,6.9,12.8,182.0,-4.7,22.000000774860382,-42.3999959230423,2,10,15,False,0.04409017548367282,183.51440203813274,0,SKYLINE,33.99344739015952,-118.00807715263504,2025-02-28,0.3675308236083963
299.7,19.6,2.9,1.52,0.0,6.0,58.0,11.7,10.5,256.0,-6.0,-151.40000116825104,-396.1000008583069,5,7,10,False,0.055142612703610795,304.40628669987655,0,PEARBLOSSOM,34.50994988591481,-118.11627952782008,2002-05-04,0.22362943685332917
284.9,18.7,4.0,0.46,0.0,1.9,66.0,9.9,9.0,214.0,-1.9,-84.69999980926514,-273.2000002861023,12,6,15,False,0.09171240870269853,97.19121172047882,0,PEARBLOSSOM,34.51805887529085,-118.09316957271683,2005-12-17,0.20589989534585235
286.4,62.9,4.5,0.22,2.6,3.0,36.0,14.6,10.5,138.0,-0.4000001,-152.0,-365.19999980926514,5,12,0,False,0.05073350199369318,288.18991194118894,0,SOLEDAD,34.42915688250262,-118.41954464084189,2015-05-07,0.29441462961865816
306.4,5.4,3.0,2.76,0.0,7.4,85.0,3.9,8.1,225.0,-7.4,-186.80000019073486,-301.90000307559967,5,7,32,False,0.05244442911199122,72.43783134257212,0,MEADOW RIDGE,34.3617389123417,-118.51524103750872,2014-05-03,0.3867695464149602
283.2,19.6,5.5,0.61,0.0,2.7,58.0,11.3,10.8,135.0,-2.7,-43.49999940395355,-300.49999845027924,12,5,2,False,0.12271469124129478,275.8661868680713,0,SESNON,34.30535027727474,-118.5591985434626,2013-12-09,0.34725978357457404
308.4,20.4,3.5,2.45,0.0,8.1,70.0,7.7,9.1,156.0,-8.1,-214.30000019073486,-554.099999666214,7,4,39,False,0.042065648459008814,177.54509354015264,0,OCTOBER,34.381644924296474,-118.49661933920233,2009-07-14,0.30710421094212903
291.8,4.6,2.6,1.45,0.0,2.9,90.0,3.9,7.0,37.0,-2.9,-71.19999969005585,-331.299999833107,12,0,120,False,0.08355081849606177,106.33011758853962,0,Y,34.461536040566465,-118.16179743678212,2024-12-07,0.2588737302527647
292.4,53.8,1.8,0.54,1.4,2.5,33.0,11.5,18.8,202.0,-1.1,162.2000002861023,227.49999928474426,2,31,0,False,0.0828031125104563,255.5402435467512,0,GRIFFITH PARK,34.118786672325115,-118.30535276248193,2019-02-28,0.4094512548624685
306.1,35.4,3.5,1.7,0.0,6.6,59.0,10.6,10.2,60.0,-6.6,-208.19999980926514,-554.0999982357025,8,1,103,False,0.04069827586843571,171.72730480291543,0,AGOURA 2,34.14215475640475,-118.69684391783828,2018-08-12,0.29214098817117223
302.3,12.5,3.3,2.1,0.0,4.8,48.0,13.1,13.2,12.0,-4.8,-80.19999849796295,-429.6999982595444,10,4,2,False,0.04661889683618131,331.1106252940467,0,AGOURA,34.138687808405386,-118.73074582291352,2021-10-27,0.34848784851117637
307.8,20.8,2.2,2.39,0.0,6.8,49.0,11.3,13.6,196.0,-6.8,-179.7999997138977,-436.1000006198883,7,5,36,False,0.025676292924604913,309.47416938545155,0,KANAN,34.11926906147464,-118.7879186266357,2025-07-09,0.4333940287897639
296.1,35.0,2.4,1.07,0.0,5.1,61.0,10.6,9.3,252.0,-5.1,-156.00000071525574,-427.2000004053116,5,8,4,False,0.05045045045045045,270.0,0,TRIUNFO,34.125449313056954,-118.78973456381993,2008-05-28,0.41195572054816165
299.2,46.2,2.6,0.85,0.0,5.2,39.0,13.7,14.9,154.0,-5.2,-145.90000009536743,-328.2999974489212,6,11,55,False,0.09886640522545906,231.17844074739932,0,LATIGO,34.052227017184876,-118.77445676998812,2024-06-28,0.5495589075182179
299.9,16.5,2.3,2.12,0.0,3.7,59.0,8.8,11.6,160.0,-3.7,-54.50000071525574,-338.7999997138977,11,3,14,False,0.1616975311605066,280.46276170441917,0,FLORES,34.067227052357715,-118.64445674338991,2005-11-01,0.5275823319182544
307.4,25.2,3.3,2.32,0.0,7.3,49.0,12.2,13.2,266.0,-7.3,-165.60000085830688,-500.30000138282776,7,3,89,False,0.11165090687670955,283.5163119829647,0,LATIGO CANYON,34.04849089706948,-118.77434561609253,2014-07-23,0.5243864519568737
291.3,58.0,2.5,0.39,0.0,2.6,35.0,13.6,15.1,151.0,-2.6,-64.50000059604645,160.70000338554382,4,33,13,False,0.07031838700474434,225.8449595982156,0,VIRGENES,34.14405426159052,-118.70271574569111,2019-04-03,0.2842665205371249
296.5,19.4,3.0,1.55,0.0,6.4,75.0,7.5,8.0,267.0,-6.4,-167.59999990463257,-367.89999854564667,6,3,48,False,0.05371347734036911,208.55562947859679,0,QUAIL,34.80553573805397,-118.8196292337652,2022-06-08,0.31511917859611005
289.5,50.3,1.9,0.55,0.0,3.2,38.0,14.5,14.5,302.0,-3.2,-77.5,-199.60000026226044,3,20,18,False,0.11552808234023546,205.6450820666083,0,EMPIRE,33.41051741979228,-118.45274303759409,2013-03-26,0.3561731703463801
284.2,30.0,2.6,0.29,2.3,1.5,33.0,10.1,14.4,159.0,0.79999995,214.99999868869781,335.8000065088272,2,28,0,False,0.02165237880989785,123.67981038297086,0,CROSS,34.37904345170685,-118.42741446590304,2005-02-06,0.4513767994312909
297.2,7.8,3.6,1.63,0.0,5.1,86.0,6.3,6.6,249.0,-5.1,-176.40000081062317,-683.6000010967255,10,0,120,False,0.009488524749047635,10.946523703621141,0,POPPY,34.71444430167934,-118.39201725113125,2019-10-04,0.2342423620710083
283.3,37.7,2.7,0.43,0.0,3.1,32.0,15.0,17.3,254.0,-3.1,-35.40000104904175,31.00000250339508,4,31,1,False,0.013544131197301246,68.62633902885167,0,HWY 138 & 300 WEST,34.784837688220925,-118.68033903541264,2024-04-06,0.27154085029916475
308.3,9.7,4.3,3.11,0.0,9.2,94.0,5.2,5.2,216.0,-9.2,-249.50000095367432,-703.0000023841858,7,4,98,False,0.055588376497574456,101.33294630180657,0,HIGHLAND,34.43952461512385,-117.71547805359282,2004-07-24,0.2342860539985385
303.7,10.0,3.6,2.63,0.0,6.8,84.0,5.1,7.4,213.0,-6.8,-187.99999928474426,-659.99999833107,9,2,13,False,0.11140885197495277,52.798515700758394,0,JOHNSON ROAD,34.6614482027047,-118.33470762471356,2000-09-11,0.2664584412763605
296.3,41.1,1.8,0.95,0.0,4.6,47.0,10.2,13.8,266.0,-4.6,-30.899998903274536,-65.29999566078186,5,16,23,False,0.04423970137705925,55.56267875868674,0,LATIGO,34.08153225948763,-118.76131871045861,2020-05-03,0.6189026401532353
302.2,11.9,3.9,2.34,0.0,6.3,61.0,7.2,12.2,219.0,-6.3,-66.7999997138977,-169.39999794960022,3,18,11,False,0.09968594619583951,240.17972797173752,0,TOPANGA,34.218468041814354,-118.69523175481805,2015-03-13,0.3893536125427009
279.9,48.8,6.0,0.25,0.8,1.8,25.0,17.3,14.4,285.0,-0.99999994,2.199997127056122,-128.6000024676323,4,13,1,False,0.11925985049311376,153.77387792477685,0,GORMAN,34.81038791873737,-118.87698193976789,2012-04-14,0.29475766329673775
310.1,6.0,1.5,3.74,0.0,4.8,97.0,3.8,5.5,219.0,-4.8,-207.19999933242798,-720.3000001907349,9,3,45,False,0.03511616400126547,32.598752119081354,0,MUNZ,34.6934480361603,-118.36972320283853,2003-09-22,0.22263973579242516
308.4,20.2,3.8,3.07,0.0,8.3,84.0,5.9,6.5,217.0,-8.3,-243.7999997138977,-656.8000011444092,8,0,120,False,0.16266123173918892,66.83746014906457,0,TOVEY,34.541044006127656,-118.16219359566391,2018-08-01,0.2667560086091147
299.2,17.1,3.5,1.62,0.0,6.3,69.0,9.6,8.5,201.0,-6.3,-173.89999985694885,-415.19999969005585,5,6,54,False,0.10190297485320716,131.28251037440938,0,SIERRA,34.50432388997877,-118.10100023791094,2015-05-11,0.21642849328593988
308.7,15.0,3.7,2.56,0.0,8.1,91.0,4.9,5.7,219.0,-8.1,-256.3999996185303,-630.4000015258789,7,11,57,False,0.06299340326839706,56.786831300809546,0,RANGE,34.669913880107906,-118.31946980171071,2006-07-18,0.20568698880353858
295.8,24.6,2.7,1.12,0.0,4.7,54.0,11.9,11.5,249.0,-4.7,-130.39999985694885,-190.09999930858612,4,21,2,False,0.013074566630228043,87.59634522142404,0,D,34.766650688740846,-118.5183769130173,2009-04-12,0.21342413690946438
300.0,9.7,2.2,1.68,0.0,4.2,71.0,8.1,9.3,54.0,-4.2,-125.10000014305115,-230.20000034570694,3,9,70,True,0.007378349148345136,121.2729240845396,0,PALMDALE,34.590384459298754,-118.04639625438713,2020-03-04,0.17406172590837282
305.9,24.2,2.8,1.92,0.0,6.9,72.0,8.2,8.4,218.0,-6.9,-220.2000012397766,-589.6000037193298,7,3,34,False,0.08544145514832148,332.69886512959437,0,QUINN,34.444431514983826,-118.4353707822935,2022-07-25,0.2706085683254342
289.4,54.5,2.5,0.44,8.6,1.9,32.0,13.3,17.8,241.0,6.7000003,148.59999930858612,213.900000333786,3,28,0,False,0.05250615729460513,177.5415425317332,0,OAK,34.47806504901856,-118.70433283191107,2019-03-01,0.3411550712903353
296.6,21.6,1.9,1.13,0.0,4.7,44.0,15.0,13.4,325.0,-4.7,-73.2999997138977,-245.4999998807907,4,12,3,False,0.010045200408449768,99.41413915343155,0,QUARTZ,34.669564456515374,-118.24667773653209,2012-04-16,0.21277947756036875
287.8,27.0,2.9,0.59,0.0,2.1,58.0,10.0,10.7,139.0,-2.1,-22.900001049041748,-366.9000024795532,11,6,21,False,0.05530842268013975,61.592755724644476,0,PINE,34.74120168505106,-118.6068086758699,2005-11-08,0.4121668140981339
294.5,9.6,5.7,1.66,0.0,5.7,63.0,9.5,10.6,135.0,-5.7,-86.799999833107,-65.79999899864197,2,14,4,False,0.18838674971124597,127.6785745078788,0,FOOTHILL,34.36915858316306,-118.47008027614139,2015-02-11,0.5252559691177631
300.7,25.7,4.0,1.56,0.0,7.0,57.0,8.4,12.1,229.0,-7.0,-102.49999904632568,-251.89999997615814,5,23,15,False,0.03696060123503132,102.84240575824182,0,MUNZ,34.66755750419307,-118.37293773614972,2005-05-24,0.3224500888590499
299.1,14.5,2.2,1.55,0.0,4.5,73.0,6.0,9.2,312.0,-4.5,-137.39999985694885,-10.699995040893555,3,25,30,False,0.05005696277480276,186.71806331876763,0,WAYSIDE,34.45726753325479,-118.59785032052001,2008-03-25,0.2309490164711458
298.3,33.4,2.7,1.1,0.0,4.7,57.0,11.5,10.5,184.0,-4.7,-134.19999837875366,-263.0999963283539,4,17,17,False,0.038594642147995434,238.4305739168035,0,VERDALE,34.425929938806746,-118.71581643970195,2007-04-06,0.29004009477737197
285.4,20.4,2.0,0.85,0.0,1.9,66.0,8.7,9.5,218.0,-1.9,-52.10000145435333,-258.10000145435333,1,3,4,False,0.1345325410917746,250.77110861613124,0,HAUSER,34.56464935920603,-118.29373033781236,2021-01-02,0.41166055962559994
295.7,52.6,1.8,0.57,0.0,4.4,31.0,16.6,16.6,155.0,-4.4,-136.00000047683716,-384.30000019073486,7,3,67,False,0.1533795129046614,246.38999144759373,0,PACIFIC,34.04465236503858,-118.87344324129919,2002-07-26,0.45831425014148264
288.7,12.6,2.9,0.85,0.0,2.8,57.0,9.5,12.2,153.0,-2.8,-74.0999995470047,-37.79999476671219,2,18,32,False,0.06397577186030272,96.89182262426141,0,AQUEDUCT,34.766996955217856,-118.76607569805432,2011-02-04,0.27145779971112177
291.9,26.0,2.7,0.9,0.0,4.6,70.0,7.5,8.7,274.0,-4.6,-148.80000019073486,-250.19999814033508,4,13,37,False,0.037986316425019796,325.3058898381921,0,LOS ALAMOS,34.706103229023746,-118.80839926875778,2018-04-28,0.323566952984618
284.3,37.8,2.4,0.43,0.0,1.4,55.0,12.6,10.1,357.0,-1.4,-66.29999959468842,-268.69999945163727,12,6,43,False,0.051886976185127325,52.18601544188195,0,GORMAN,34.787974624673865,-118.86243024787682,2000-12-11,0.28298066911561415
304.8,20.1,3.8,2.25,0.0,6.8,78.0,7.3,7.4,186.0,-6.8,-208.90000009536743,-645.9000000953674,9,1,111,False,0.048320712100773607,193.4768502473712,0,DULCE,34.4721843228288,-118.29995065519229,2025-09-05,0.24145899774908194
292.5,56.3,1.1,0.65,0.0,3.0,42.0,13.9,12.6,293.0,-3.0,-146.19999980926514,-416.5,9,3,94,False,0.07301775494325345,169.33469251791445,0,AIRPORT,33.39383081740457,-118.42678982987383,2010-09-10,0.3820821107710534
287.3,37.9,6.6,0.65,2.5,4.0,53.0,8.6,7.8,222.0,-1.5,-179.29999899864197,-425.79999804496765,5,4,0,False,0.002837361356176174,320.57799383310646,0,WEST,34.70919331240041,-118.24567826420243,2015-05-14,0.1945642682252586
300.8,11.2,2.0,1.73,0.0,3.7,82.0,5.4,7.6,221.0,-3.7,-135.79999947547913,-489.7999994754791,10,1,14,False,0.14086964340645758,251.75000848398594,0,WILDWOOD,34.20088513836335,-118.2980174909653,2008-10-18,0.4277659537914691
289.0,22.9,3.4,0.94,0.0,2.7,65.0,9.0,9.6,218.0,-2.7,-58.4000004529953,-311.40000104904175,12,4,6,False,0.07944684325344203,3.9013049538122453,0,SAGE,34.50917153734798,-118.24752687085515,2002-12-06,0.25861813747753803
305.9,13.2,2.6,2.58,0.0,6.5,90.0,5.2,5.8,204.0,-6.5,-213.9000005722046,-656.0000014305115,8,3,34,False,0.1262030210838057,171.1714723183757,0,COPPER,34.55855687324214,-118.48219943481548,2013-08-25,0.4413639623274825
284.4,72.7,4.2,0.11,0.6,1.4,25.0,17.3,13.4,346.0,-0.79999995,-57.80000054836273,-437.2999995946884,10,4,6,False,0.05377638516624575,161.43974746701932,0,COPCO,34.740561461902296,-118.78169971751562,2010-10-25,0.3402500651684504
297.3,7.9,3.4,1.7,0.0,4.0,72.0,6.6,9.7,155.0,-4.0,-105.09999990463257,-368.3999993801117,11,7,36,False,0.10530784162682685,297.16286916928027,0,OASIS,34.458871865740996,-118.27729280453508,2015-11-20,0.2519954122642441
289.0,63.0,3.7,0.35,3.1,1.5,28.0,18.0,12.5,234.0,1.5999999,-39.00000011920929,-318.4999989271164,12,7,0,False,0.08354002681413705,323.621027056663,0,FREEWAY II,34.53687461988305,-118.66349982822653,2012-12-02,0.3141542700866851
289.4,38.1,6.3,0.62,0.9,3.7,20.0,18.9,16.3,307.0,-2.8000002,52.30000030994415,89.09999763965607,3,16,1,False,0.17493834853306042,237.6259349814759,0,MOUNTAIN,34.194539924396224,-118.26753898722666,2003-03-17,0.492890317739292
293.0,47.3,2.9,0.58,0.0,4.0,30.0,15.1,17.6,211.0,-4.0,35.10000091791153,-36.49999874830246,4,27,10,False,0.021662760793053387,249.3447170422735,0,PLACERITA,34.383209249999794,-118.48532336087611,2006-04-24,0.3322130921585278
279.8,70.6,5.6,0.16,13.6,1.1,25.0,17.5,13.7,198.0,12.5,-51.29999989271164,-236.59999877214432,12,10,0,False,0.2235912597045228,278.437588651024,0,SHANNON,34.53359321592915,-118.23641950483528,2022-12-10,0.28282743104231256
293.2,13.6,2.7,1.23,0.0,3.5,80.0,6.2,7.6,348.0,-3.5,-86.59999990463257,-226.20000112056732,2,7,12,False,0.11853908733577329,23.278553121560826,0,CHERRY,34.59178500380911,-118.29299250261992,2014-02-18,0.4188471879936808
304.0,2.5,2.0,2.43,0.0,4.6,71.0,7.2,10.0,165.0,-4.6,-139.29999995231628,-528.200001001358,10,3,25,False,0.05001296025082621,298.0357984263846,0,RIDGE,34.515358272582056,-118.61852571739273,2017-10-05,0.2094345881461089
284.5,57.1,4.4,0.31,29.4,1.8,16.0,22.1,16.9,191.0,27.6,59.10000252723694,-35.59999859333038,2,23,0,False,0.03686312855276156,348.01051541773586,0,CAMBRIDGE,34.46470905114162,-118.62895530665892,2004-02-26,0.23844236039807273
307.6,20.0,3.1,2.23,0.0,7.0,74.0,8.3,8.0,194.0,-7.0,-225.40000104904175,-604.5000014305115,8,7,39,False,0.06864876066596157,277.7728531598466,0,QUARRY,34.43375919522234,-118.34357896667937,2005-08-10,0.3108273360979462
292.7,45.1,3.3,0.62,0.0,4.4,48.0,12.6,12.0,249.0,-4.4,-139.19999957084656,-339.1999989748001,5,12,19,False,0.06668369256471252,10.508759950788187,0,BURLWOOD,34.46905690654495,-118.67461555747707,2016-05-25,0.3133856039811212
291.4,21.7,4.0,0.88,0.0,3.1,69.0,8.2,9.0,345.0,-3.1,-104.09999966621399,-439.0999975204468,11,0,120,False,0.05038138167084617,154.0172978476239,0,FREEWAY I,34.358109952358966,-118.55032158263944,2024-11-12,0.4258860942714401
291.0,43.8,3.2,0.56,3.1,2.3,35.0,11.2,12.9,269.0,0.79999995,-83.7000002861023,-422.7999994754791,11,8,0,False,0.06203981863967442,219.17403187019616,0,STABLES,34.493394218966024,-118.49569095074898,2010-11-07,0.336768121951701
298.4,14.0,1.4,1.59,0.0,2.0,62.0,7.5,11.6,332.0,-2.0,47.69999945163727,-78.60000121593475,12,11,23,False,0.12006124837796496,27.968096776394702,0,SLOAN,34.502156385306,-118.64948938925808,2025-12-14,0.33502200015799005
302.9,12.7,3.3,2.1,0.0,7.2,71.0,7.6,9.3,151.0,-7.2,-178.2999997138977,-438.9999990463257,5,9,13,False,0.055384773264356764,280.2288539887442,0,BOUQUET,34.47301424952182,-118.47597783106205,2013-05-20,0.2958061354660347
303.8,21.9,2.9,1.92,1.9,6.4,33.0,10.9,14.5,3.0,-4.5,-81.60000371932983,-15.600003361701965,4,29,0,False,0.09903431712588089,343.89168387293086,0,TEMPLIN,34.53616427788664,-118.65864686628231,2000-04-26,0.30417940357460255
302.2,25.9,2.8,1.58,0.0,6.4,70.0,8.0,8.8,247.0,-6.4,-190.89999985694885,-434.9999974966049,7,9,60,False,0.09399824034692211,283.3941580508114,0,GLENDORA,34.15928502927283,-117.83444750481196,2016-07-05,0.4729794675829925
291.6,56.3,2.3,0.39,0.0,3.7,24.0,16.3,19.5,196.0,-3.7,-5.200000286102295,239.90000009536743,4,31,5,False,0.085628885985892,268.1778180445567,0,CALABASAS,34.18970566656804,-118.68590805289506,2024-04-19,0.30940497472154205
301.9,17.2,1.7,1.91,0.0,6.2,79.0,7.1,7.4,220.0,-6.2,-196.19999933242798,-481.2999978661537,6,11,50,False,0.08611960887847364,145.60490930300753,0,YUCCA,34.50855130049297,-118.28033170402593,2007-06-09,0.2400159751979621
292.5,12.2,3.3,1.29,0.6,3.3,59.0,6.5,7.8,255.0,-2.6999998,-114.79999947547913,-385.79999923706055,11,2,37,False,0.08198216114178436,289.08178693344325,0,DRY,34.55908561010838,-118.51459606962287,2009-11-20,0.4250677737846056
286.8,56.1,3.5,0.2,0.7,1.8,14.0,17.4,19.8,175.0,-1.0999999,29.59999966621399,-66.79999846220016,4,26,1,False,0.06433991748396066,200.91952308792906,0,BURKE,34.46540792192714,-118.31070234543901,2006-04-11,0.25001171591088645
295.6,29.1,3.3,1.0,0.0,2.7,65.0,10.5,8.5,306.0,-2.7,-85.80000019073486,-312.80000042915344,12,2,27,False,0.03509091706232544,50.371859002021516,0,WEST,34.392994287536375,-118.66440293190774,2024-12-23,0.3018517762287473
293.1,27.7,5.9,0.71,0.0,5.0,42.0,11.6,15.1,238.0,-5.0,-100.79999887943268,-97.99999833106995,5,27,19,False,0.01565671271810485,11.618432728435408,0,LAKE,34.671889790992715,-118.39745544316135,2006-05-04,0.3519756422154211
303.7,10.4,1.9,2.39,0.0,3.9,76.0,6.5,8.6,157.0,-3.9,-123.20000088214874,-512.5000010728836,10,0,120,False,0.06998706093243057,212.72724937567926,0,ORCAS,34.28175911180358,-118.36376549127723,2006-10-21,0.32643994629600365
